Order Date,Date Key,Year,Quarter,Month,Day
2015-08-31,1,2015,3,8,31
2010-11-20,2,2010,4,11,20
2017-06-22,3,2017,2,6,22
2012-02-28,4,2012,1,2,28
2010-08-12,5,2010,3,8,12
2010-08-20,6,2010,3,8,20
2011-02-03,7,2011,1,2,3
2015-09-11,8,2015,3,9,11
2014-01-31,9,2014,1,1,31
2015-11-21,10,2015,4,11,21
2016-08-29,11,2016,3,8,29
2016-10-21,12,2016,4,10,21
2010-03-21,13,2010,1,3,21
2010-10-15,14,2010,4,10,15
2010-10-04,15,2010,4,10,4
2014-10-14,16,2014,4,10,14
2013-06-15,17,2013,2,6,15
2017-05-07,18,2017,2,5,7
2015-05-21,19,2015,2,5,21
2016-06-28,20,2016,2,6,28
2015-07-06,21,2015,3,7,6
2012-02-18,22,2012,1,2,18
2014-09-09,23,2014,3,9,9
2013-08-24,24,2013,3,8,24
2015-09-04,25,2015,3,9,4
2017-02-26,26,2017,1,2,26
2015-07-15,27,2015,3,7,15
2013-02-09,28,2013,1,2,9
2013-03-27,29,2013,1,3,27
2016-07-23,30,2016,3,7,23
2017-03-18,31,2017,1,3,18
2014-03-03,32,2014,1,3,3
2015-01-23,33,2015,1,1,23
2017-03-17,34,2017,1,3,17
2011-06-08,35,2011,2,6,8
2016-02-14,36,2016,1,2,14
2012-11-11,37,2012,4,11,11
2010-10-26,38,2010,4,10,26
2012-08-21,39,2012,3,8,21
2013-07-05,40,2013,3,7,5
2011-10-29,41,2011,4,10,29
2012-07-18,42,2012,3,7,18
2012-04-12,43,2012,2,4,12
2016-04-14,44,2016,2,4,14
2011-12-13,45,2011,4,12,13
2010-06-10,46,2010,2,6,10
2012-11-28,47,2012,4,11,28
2010-06-23,48,2010,2,6,23
2013-03-11,49,2013,1,3,11
2011-01-18,50,2011,1,1,18
2010-04-01,51,2010,2,4,1
2014-04-08,52,2014,2,4,8
2012-07-05,53,2012,3,7,5
2014-05-15,54,2014,2,5,15
2015-01-18,55,2015,1,1,18
2015-04-07,56,2015,2,4,7
2014-04-27,57,2014,2,4,27
2011-10-16,58,2011,4,10,16
2012-02-06,59,2012,1,2,6
2013-03-02,60,2013,1,3,2
2010-03-11,61,2010,1,3,11
2014-07-29,62,2014,3,7,29
2012-04-16,63,2012,2,4,16
2013-01-31,64,2013,1,1,31
2016-06-01,65,2016,2,6,1
2015-03-27,66,2015,1,3,27
2014-11-28,67,2014,4,11,28
2014-04-22,68,2014,2,4,22
2017-02-21,69,2017,1,2,21
2013-01-19,70,2013,1,1,19
2011-09-02,71,2011,3,9,2
2016-02-13,72,2016,1,2,13
2011-08-28,73,2011,3,8,28
2014-11-24,74,2014,4,11,24
2017-01-05,75,2017,1,1,5
2010-03-30,76,2010,1,3,30
2014-05-25,77,2014,2,5,25
2012-06-25,78,2012,2,6,25
2015-01-30,79,2015,1,1,30
2011-02-11,80,2011,1,2,11
2017-01-30,81,2017,1,1,30
2012-09-03,82,2012,3,9,3
2012-09-26,83,2012,3,9,26
2010-06-13,84,2010,2,6,13
2011-06-04,85,2011,2,6,4
2014-10-06,86,2014,4,10,6
2016-11-03,87,2016,4,11,3
2015-02-10,88,2015,1,2,10
2011-11-12,89,2011,4,11,12
2010-06-18,90,2010,2,6,18
2011-07-18,91,2011,3,7,18
2016-10-25,92,2016,4,10,25
2010-02-11,93,2010,1,2,11
2014-03-17,94,2014,1,3,17
2011-04-11,95,2011,2,4,11
2014-11-08,96,2014,4,11,8
2013-01-16,97,2013,1,1,16
2010-02-23,98,2010,1,2,23
2015-04-30,99,2015,2,4,30
2016-02-03,100,2016,1,2,3
2012-05-12,101,2012,2,5,12
2012-09-18,102,2012,3,9,18
2015-06-02,103,2015,2,6,2
2012-03-28,104,2012,1,3,28
2014-12-09,105,2014,4,12,9
2013-08-17,106,2013,3,8,17
2010-11-02,107,2010,4,11,2
2010-03-01,108,2010,1,3,1
2012-06-27,109,2012,2,6,27
2012-03-05,110,2012,1,3,5
2016-01-08,111,2016,1,1,8
2016-09-24,112,2016,3,9,24
2011-11-16,113,2011,4,11,16
2015-03-22,114,2015,1,3,22
2015-02-09,115,2015,1,2,9
2016-01-30,116,2016,1,1,30
2012-05-20,117,2012,2,5,20
2014-06-26,118,2014,2,6,26
2014-12-21,119,2014,4,12,21
2015-01-28,120,2015,1,1,28
2013-04-24,121,2013,2,4,24
2016-10-28,122,2016,4,10,28
2014-11-22,123,2014,4,11,22
2013-01-04,124,2013,1,1,4
2013-12-11,125,2013,4,12,11
2013-12-16,126,2013,4,12,16
2014-03-02,127,2014,1,3,2
2016-09-28,128,2016,3,9,28
2013-07-29,129,2013,3,7,29
2012-10-02,130,2012,4,10,2
2012-01-30,131,2012,1,1,30
2010-06-03,132,2010,2,6,3
2011-06-28,133,2011,2,6,28
2012-06-30,134,2012,2,6,30
2015-07-02,135,2015,3,7,2
2016-01-19,136,2016,1,1,19
2014-07-21,137,2014,3,7,21
2012-06-23,138,2012,2,6,23
2016-02-20,139,2016,1,2,20
2010-03-16,140,2010,1,3,16
2011-12-26,141,2011,4,12,26
2013-04-15,142,2013,2,4,15
2010-07-28,143,2010,3,7,28
2010-04-25,144,2010,2,4,25
2013-10-24,145,2013,4,10,24
2014-04-04,146,2014,2,4,4
2017-04-01,147,2017,2,4,1
2014-04-28,148,2014,2,4,28
2017-01-01,149,2017,1,1,1
2015-02-28,150,2015,1,2,28
2015-09-25,151,2015,3,9,25
2016-11-23,152,2016,4,11,23
2014-02-08,153,2014,1,2,8
2013-10-30,154,2013,4,10,30
2013-05-22,155,2013,2,5,22
2011-03-06,156,2011,1,3,6
2010-06-09,157,2010,2,6,9
2015-06-24,158,2015,2,6,24
2012-06-10,159,2012,2,6,10
2014-07-09,160,2014,3,7,9
2012-05-24,161,2012,2,5,24
2011-11-29,162,2011,4,11,29
2012-05-28,163,2012,2,5,28
2010-07-02,164,2010,3,7,2
2011-06-11,165,2011,2,6,11
2010-03-14,166,2010,1,3,14
2010-05-12,167,2010,2,5,12
2012-10-23,168,2012,4,10,23
2011-11-30,169,2011,4,11,30
2014-06-18,170,2014,2,6,18
2013-03-03,171,2013,1,3,3
2013-03-04,172,2013,1,3,4
2013-02-04,173,2013,1,2,4
2016-06-03,174,2016,2,6,3
2012-07-20,175,2012,3,7,20
2010-11-15,176,2010,4,11,15
2014-04-13,177,2014,2,4,13
2015-05-15,178,2015,2,5,15
2015-05-13,179,2015,2,5,13
2012-10-10,180,2012,4,10,10
2014-10-04,181,2014,4,10,4
2010-08-02,182,2010,3,8,2
2013-04-29,183,2013,2,4,29
2010-08-07,184,2010,3,8,7
2013-10-25,185,2013,4,10,25
2016-07-07,186,2016,3,7,7
2013-04-20,187,2013,2,4,20
2011-03-16,188,2011,1,3,16
2010-09-30,189,2010,3,9,30
2017-04-19,190,2017,2,4,19
2014-07-31,191,2014,3,7,31
2013-11-18,192,2013,4,11,18
2012-05-30,193,2012,2,5,30
2012-03-24,194,2012,1,3,24
2016-06-15,195,2016,2,6,15
2010-05-08,196,2010,2,5,8
2010-07-12,197,2010,3,7,12
2015-09-26,198,2015,3,9,26
2010-08-21,199,2010,3,8,21
2015-01-16,200,2015,1,1,16
2011-12-17,201,2011,4,12,17
2011-12-21,202,2011,4,12,21
2011-07-27,203,2011,3,7,27
2012-02-09,204,2012,1,2,9
2015-12-31,205,2015,4,12,31
2010-12-18,206,2010,4,12,18
2015-12-23,207,2015,4,12,23
2014-05-11,208,2014,2,5,11
2010-01-23,209,2010,1,1,23
2010-10-17,210,2010,4,10,17
2013-11-25,211,2013,4,11,25
2010-07-03,212,2010,3,7,3
2017-06-12,213,2017,2,6,12
2010-12-31,214,2010,4,12,31
2013-12-03,215,2013,4,12,3
2015-12-22,216,2015,4,12,22
2015-07-18,217,2015,3,7,18
2015-11-17,218,2015,4,11,17
2013-09-15,219,2013,3,9,15
2010-08-14,220,2010,3,8,14
2016-11-02,221,2016,4,11,2
2017-02-24,222,2017,1,2,24
2012-07-19,223,2012,3,7,19
2016-06-13,224,2016,2,6,13
2013-01-17,225,2013,1,1,17
2017-04-21,226,2017,2,4,21
2010-01-12,227,2010,1,1,12
2011-01-12,228,2011,1,1,12
2013-08-10,229,2013,3,8,10
2012-02-16,230,2012,1,2,16
2013-05-19,231,2013,2,5,19
2010-01-31,232,2010,1,1,31
2014-12-11,233,2014,4,12,11
2011-06-12,234,2011,2,6,12
2017-01-24,235,2017,1,1,24
2017-05-29,236,2017,2,5,29
2016-03-27,237,2016,1,3,27
2013-03-01,238,2013,1,3,1
2014-04-29,239,2014,2,4,29
2014-02-11,240,2014,1,2,11
2015-04-20,241,2015,2,4,20
2014-02-23,242,2014,1,2,23
2011-10-07,243,2011,4,10,7
2010-05-02,244,2010,2,5,2
2016-11-18,245,2016,4,11,18
2016-10-14,246,2016,4,10,14
2011-08-23,247,2011,3,8,23
2016-09-30,248,2016,3,9,30
2012-10-19,249,2012,4,10,19
2017-05-01,250,2017,2,5,1
2014-03-12,251,2014,1,3,12
2016-08-17,252,2016,3,8,17
2015-10-22,253,2015,4,10,22
2011-07-19,254,2011,3,7,19
2016-01-29,255,2016,1,1,29
2012-05-29,256,2012,2,5,29
2011-02-15,257,2011,1,2,15
2016-04-16,258,2016,2,4,16
2014-08-01,259,2014,3,8,1
2017-05-22,260,2017,2,5,22
2015-09-19,261,2015,3,9,19
2015-03-05,262,2015,1,3,5
2014-11-12,263,2014,4,11,12
2011-03-04,264,2011,1,3,4
2016-09-05,265,2016,3,9,5
2010-12-20,266,2010,4,12,20
2014-06-24,267,2014,2,6,24
2010-11-25,268,2010,4,11,25
2015-12-08,269,2015,4,12,8
2014-06-28,270,2014,2,6,28
2011-06-18,271,2011,2,6,18
2012-10-24,272,2012,4,10,24
2014-03-21,273,2014,1,3,21
2016-07-19,274,2016,3,7,19
2014-02-19,275,2014,1,2,19
2012-09-05,276,2012,3,9,5
2013-11-20,277,2013,4,11,20
2014-02-28,278,2014,1,2,28
2016-01-25,279,2016,1,1,25
2010-05-05,280,2010,2,5,5
2014-11-17,281,2014,4,11,17
2012-10-09,282,2012,4,10,9
2015-01-17,283,2015,1,1,17
2017-03-11,284,2017,1,3,11
2010-04-08,285,2010,2,4,8
2012-11-24,286,2012,4,11,24
2014-06-25,287,2014,2,6,25
2015-04-19,288,2015,2,4,19
2010-01-03,289,2010,1,1,3
2017-05-09,290,2017,2,5,9
2013-02-15,291,2013,1,2,15
2012-01-17,292,2012,1,1,17
2010-12-19,293,2010,4,12,19
2015-05-18,294,2015,2,5,18
2012-11-25,295,2012,4,11,25
2014-12-13,296,2014,4,12,13
2015-05-31,297,2015,2,5,31
2015-06-17,298,2015,2,6,17
2015-09-23,299,2015,3,9,23
2014-01-04,300,2014,1,1,4
2016-10-01,301,2016,4,10,1
2012-07-07,302,2012,3,7,7
2013-08-30,303,2013,3,8,30
2014-09-05,304,2014,3,9,5
2011-02-10,305,2011,1,2,10
2010-12-08,306,2010,4,12,8
2015-08-17,307,2015,3,8,17
2016-05-08,308,2016,2,5,8
2012-12-04,309,2012,4,12,4
2010-01-04,310,2010,1,1,4
2013-05-01,311,2013,2,5,1
2013-11-30,312,2013,4,11,30
2016-08-06,313,2016,3,8,6
2013-08-22,314,2013,3,8,22
2013-05-14,315,2013,2,5,14
2014-11-05,316,2014,4,11,5
2015-11-06,317,2015,4,11,6
2012-10-01,318,2012,4,10,1
2010-07-29,319,2010,3,7,29
2011-08-14,320,2011,3,8,14
2011-08-31,321,2011,3,8,31
2011-05-11,322,2011,2,5,11
2012-05-25,323,2012,2,5,25
2013-10-09,324,2013,4,10,9
2015-07-13,325,2015,3,7,13
2014-12-29,326,2014,4,12,29
2010-07-22,327,2010,3,7,22
2013-01-12,328,2013,1,1,12
2011-08-03,329,2011,3,8,3
2011-11-28,330,2011,4,11,28
2016-04-04,331,2016,2,4,4
2014-04-10,332,2014,2,4,10
2011-10-19,333,2011,4,10,19
2015-10-01,334,2015,4,10,1
2015-03-02,335,2015,1,3,2
2015-04-21,336,2015,2,4,21
2011-02-14,337,2011,1,2,14
2013-10-17,338,2013,4,10,17
2016-08-14,339,2016,3,8,14
2013-12-20,340,2013,4,12,20
2012-08-20,341,2012,3,8,20
2012-11-26,342,2012,4,11,26
2012-05-03,343,2012,2,5,3
2017-02-18,344,2017,1,2,18
2015-08-19,345,2015,3,8,19
2012-05-16,346,2012,2,5,16
2016-10-02,347,2016,4,10,2
2011-06-27,348,2011,2,6,27
2011-05-27,349,2011,2,5,27
2015-08-26,350,2015,3,8,26
2017-02-10,351,2017,1,2,10
2010-12-23,352,2010,4,12,23
2016-03-23,353,2016,1,3,23
2011-04-04,354,2011,2,4,4
2014-07-06,355,2014,3,7,6
2015-02-20,356,2015,1,2,20
2013-01-28,357,2013,1,1,28
2016-04-30,358,2016,2,4,30
2014-12-31,359,2014,4,12,31
2012-10-28,360,2012,4,10,28
2012-12-07,361,2012,4,12,7
2015-02-06,362,2015,1,2,6
2017-05-15,363,2017,2,5,15
2014-10-12,364,2014,4,10,12
2011-12-28,365,2011,4,12,28
2014-09-23,366,2014,3,9,23
2010-11-08,367,2010,4,11,8
2012-01-05,368,2012,1,1,5
2011-12-25,369,2011,4,12,25
2015-04-14,370,2015,2,4,14
2011-06-30,371,2011,2,6,30
2014-12-28,372,2014,4,12,28
2017-04-20,373,2017,2,4,20
2014-10-21,374,2014,4,10,21
2012-07-08,375,2012,3,7,8
2011-04-03,376,2011,2,4,3
2016-04-12,377,2016,2,4,12
2012-02-01,378,2012,1,2,1
2017-01-16,379,2017,1,1,16
2011-06-05,380,2011,2,6,5
2016-05-05,381,2016,2,5,5
2012-04-27,382,2012,2,4,27
2011-03-28,383,2011,1,3,28
2010-02-25,384,2010,1,2,25
2012-09-25,385,2012,3,9,25
2015-11-05,386,2015,4,11,5
2010-03-09,387,2010,1,3,9
2010-03-28,388,2010,1,3,28
2012-08-14,389,2012,3,8,14
2015-01-05,390,2015,1,1,5
2012-05-17,391,2012,2,5,17
2015-11-19,392,2015,4,11,19
2011-04-06,393,2011,2,4,6
2015-08-08,394,2015,3,8,8
2012-12-22,395,2012,4,12,22
2016-11-25,396,2016,4,11,25
2011-04-07,397,2011,2,4,7
2010-09-26,398,2010,3,9,26
2010-08-19,399,2010,3,8,19
2013-08-31,400,2013,3,8,31
2011-03-24,401,2011,1,3,24
2013-03-28,402,2013,1,3,28
2011-09-30,403,2011,3,9,30
2017-02-04,404,2017,1,2,4
2010-05-28,405,2010,2,5,28
2011-11-04,406,2011,4,11,4
2014-01-13,407,2014,1,1,13
2015-01-10,408,2015,1,1,10
2012-08-12,409,2012,3,8,12
2013-03-29,410,2013,1,3,29
2016-10-22,411,2016,4,10,22
2011-06-13,412,2011,2,6,13
2015-03-26,413,2015,1,3,26
2013-06-01,414,2013,2,6,1
2011-04-16,415,2011,2,4,16
2017-02-08,416,2017,1,2,8
2014-06-11,417,2014,2,6,11
2016-08-05,418,2016,3,8,5
2011-06-06,419,2011,2,6,6
2010-08-01,420,2010,3,8,1
2015-05-30,421,2015,2,5,30
2013-03-06,422,2013,1,3,6
2011-02-26,423,2011,1,2,26
2010-02-04,424,2010,1,2,4
2014-12-07,425,2014,4,12,7
2014-05-02,426,2014,2,5,2
2014-02-06,427,2014,1,2,6
2010-11-14,428,2010,4,11,14
2011-06-16,429,2011,2,6,16
2015-11-27,430,2015,4,11,27
2015-01-12,431,2015,1,1,12
2011-05-12,432,2011,2,5,12
2014-06-15,433,2014,2,6,15
2016-06-11,434,2016,2,6,11
2017-04-04,435,2017,2,4,4
2010-04-26,436,2010,2,4,26
2016-08-13,437,2016,3,8,13
2012-10-08,438,2012,4,10,8
2010-07-19,439,2010,3,7,19
2015-03-13,440,2015,1,3,13
2010-11-16,441,2010,4,11,16
2013-12-14,442,2013,4,12,14
2010-02-18,443,2010,1,2,18
2013-10-14,444,2013,4,10,14
2010-01-17,445,2010,1,1,17
2011-08-16,446,2011,3,8,16
2017-02-22,447,2017,1,2,22
2014-12-12,448,2014,4,12,12
2010-06-01,449,2010,2,6,1
2012-10-18,450,2012,4,10,18
2016-11-16,451,2016,4,11,16
2016-04-26,452,2016,2,4,26
2017-03-14,453,2017,1,3,14
2011-07-12,454,2011,3,7,12
2011-04-19,455,2011,2,4,19
2014-06-06,456,2014,2,6,6
2012-08-17,457,2012,3,8,17
2012-08-22,458,2012,3,8,22
2010-10-07,459,2010,4,10,7
2014-01-12,460,2014,1,1,12
2012-03-12,461,2012,1,3,12
2010-03-26,462,2010,1,3,26
2011-07-09,463,2011,3,7,9
2010-07-18,464,2010,3,7,18
2010-06-06,465,2010,2,6,6
2011-07-31,466,2011,3,7,31
2015-06-19,467,2015,2,6,19
2013-04-02,468,2013,2,4,2
2012-05-02,469,2012,2,5,2
2017-05-14,470,2017,2,5,14
2011-05-13,471,2011,2,5,13
2012-06-22,472,2012,2,6,22
2017-03-13,473,2017,1,3,13
2011-09-27,474,2011,3,9,27
2013-08-28,475,2013,3,8,28
2015-01-26,476,2015,1,1,26
2016-09-27,477,2016,3,9,27
2016-09-13,478,2016,3,9,13
2014-01-21,479,2014,1,1,21
2012-10-03,480,2012,4,10,3
2016-05-26,481,2016,2,5,26
2011-11-09,482,2011,4,11,9
2012-02-29,483,2012,1,2,29
2010-02-16,484,2010,1,2,16
2013-12-01,485,2013,4,12,1
2013-04-14,486,2013,2,4,14
2012-04-25,487,2012,2,4,25
2011-12-16,488,2011,4,12,16
2014-09-14,489,2014,3,9,14
2015-08-21,490,2015,3,8,21
2014-09-06,491,2014,3,9,6
2012-11-02,492,2012,4,11,2
2015-12-13,493,2015,4,12,13
2015-10-12,494,2015,4,10,12
2016-07-08,495,2016,3,7,8
2015-11-07,496,2015,4,11,7
2016-04-22,497,2016,2,4,22
2013-11-29,498,2013,4,11,29
2017-02-11,499,2017,1,2,11
2012-09-17,500,2012,3,9,17
2016-11-24,501,2016,4,11,24
2015-10-05,502,2015,4,10,5
2010-04-15,503,2010,2,4,15
2015-06-08,504,2015,2,6,8
2012-07-17,505,2012,3,7,17
2011-11-15,506,2011,4,11,15
2011-12-07,507,2011,4,12,7
2012-04-20,508,2012,2,4,20
2017-05-28,509,2017,2,5,28
2015-08-12,510,2015,3,8,12
2015-04-29,511,2015,2,4,29
2010-04-04,512,2010,2,4,4
2010-03-02,513,2010,1,3,2
2014-07-03,514,2014,3,7,3
2016-03-20,515,2016,1,3,20
2013-02-10,516,2013,1,2,10
2014-04-11,517,2014,2,4,11
2010-02-10,518,2010,1,2,10
2013-09-03,519,2013,3,9,3
2010-03-20,520,2010,1,3,20
2016-05-10,521,2016,2,5,10
2015-09-10,522,2015,3,9,10
2015-08-10,523,2015,3,8,10
2013-03-12,524,2013,1,3,12
2014-03-07,525,2014,1,3,7
2013-12-30,526,2013,4,12,30
2016-09-18,527,2016,3,9,18
2016-02-11,528,2016,1,2,11
2014-08-10,529,2014,3,8,10
2011-11-21,530,2011,4,11,21
2010-09-11,531,2010,3,9,11
2016-12-06,532,2016,4,12,6
2016-03-25,533,2016,1,3,25
2013-08-11,534,2013,3,8,11
2011-05-16,535,2011,2,5,16
2012-11-12,536,2012,4,11,12
2011-03-03,537,2011,1,3,3
2015-07-22,538,2015,3,7,22
2017-06-06,539,2017,2,6,6
2016-11-06,540,2016,4,11,6
2011-02-19,541,2011,1,2,19
2013-01-08,542,2013,1,1,8
2013-01-09,543,2013,1,1,9
2015-06-05,544,2015,2,6,5
2012-07-30,545,2012,3,7,30
2015-10-31,546,2015,4,10,31
2015-10-03,547,2015,4,10,3
2011-09-08,548,2011,3,9,8
2015-05-24,549,2015,2,5,24
2016-12-23,550,2016,4,12,23
2011-05-30,551,2011,2,5,30
2017-06-03,552,2017,2,6,3
2015-10-07,553,2015,4,10,7
2016-10-29,554,2016,4,10,29
2016-08-26,555,2016,3,8,26
2011-06-23,556,2011,2,6,23
2016-02-26,557,2016,1,2,26
2013-07-19,558,2013,3,7,19
2010-12-21,559,2010,4,12,21
2016-04-02,560,2016,2,4,2
2015-06-21,561,2015,2,6,21
2014-09-17,562,2014,3,9,17
2013-07-20,563,2013,3,7,20
2016-05-30,564,2016,2,5,30
2015-08-01,565,2015,3,8,1
2010-12-03,566,2010,4,12,3
2015-12-03,567,2015,4,12,3
2010-01-14,568,2010,1,1,14
2015-06-13,569,2015,2,6,13
2017-07-11,570,2017,3,7,11
2014-01-26,571,2014,1,1,26
2011-07-11,572,2011,3,7,11
2013-08-07,573,2013,3,8,7
2017-07-03,574,2017,3,7,3
2017-05-23,575,2017,2,5,23
2011-01-11,576,2011,1,1,11
2011-10-13,577,2011,4,10,13
2017-06-20,578,2017,2,6,20
2015-12-28,579,2015,4,12,28
2016-09-14,580,2016,3,9,14
2016-01-12,581,2016,1,1,12
2012-09-24,582,2012,3,9,24
2012-09-14,583,2012,3,9,14
2012-08-08,584,2012,3,8,8
2014-05-21,585,2014,2,5,21
2014-05-08,586,2014,2,5,8
2010-05-31,587,2010,2,5,31
2012-09-07,588,2012,3,9,7
2017-01-13,589,2017,1,1,13
2013-12-08,590,2013,4,12,8
2014-03-15,591,2014,1,3,15
2016-08-15,592,2016,3,8,15
2015-06-10,593,2015,2,6,10
2010-12-13,594,2010,4,12,13
2011-09-22,595,2011,3,9,22
2015-08-22,596,2015,3,8,22
2014-09-27,597,2014,3,9,27
2011-01-04,598,2011,1,1,4
2014-07-22,599,2014,3,7,22
2013-10-31,600,2013,4,10,31
2017-04-15,601,2017,2,4,15
2011-09-19,602,2011,3,9,19
2010-04-24,603,2010,2,4,24
2013-02-18,604,2013,1,2,18
2013-09-06,605,2013,3,9,6
2016-06-29,606,2016,2,6,29
2015-10-28,607,2015,4,10,28
2014-07-23,608,2014,3,7,23
2010-05-23,609,2010,2,5,23
2015-04-09,610,2015,2,4,9
2015-11-22,611,2015,4,11,22
2010-03-03,612,2010,1,3,3
2016-01-09,613,2016,1,1,9
2014-07-25,614,2014,3,7,25
2010-05-20,615,2010,2,5,20
2016-11-11,616,2016,4,11,11
2011-09-25,617,2011,3,9,25
2015-07-03,618,2015,3,7,3
2011-11-25,619,2011,4,11,25
2012-03-16,620,2012,1,3,16
2013-08-19,621,2013,3,8,19
2010-09-01,622,2010,3,9,1
2014-01-03,623,2014,1,1,3
2016-06-25,624,2016,2,6,25
2011-12-27,625,2011,4,12,27
2014-05-31,626,2014,2,5,31
2013-11-03,627,2013,4,11,3
2010-11-19,628,2010,4,11,19
2017-03-03,629,2017,1,3,3
2011-02-20,630,2011,1,2,20
2010-05-11,631,2010,2,5,11
2014-07-08,632,2014,3,7,8
2016-10-19,633,2016,4,10,19
2015-03-31,634,2015,1,3,31
2016-07-11,635,2016,3,7,11
2017-01-09,636,2017,1,1,9
2014-03-08,637,2014,1,3,8
2010-04-20,638,2010,2,4,20
2016-03-08,639,2016,1,3,8
2010-09-28,640,2010,3,9,28
2016-07-25,641,2016,3,7,25
2015-11-02,642,2015,4,11,2
2015-11-09,643,2015,4,11,9
2016-08-02,644,2016,3,8,2
2010-09-19,645,2010,3,9,19
2015-08-30,646,2015,3,8,30
2016-10-13,647,2016,4,10,13
2012-06-29,648,2012,2,6,29
2010-08-09,649,2010,3,8,9
2014-04-19,650,2014,2,4,19
2014-03-10,651,2014,1,3,10
2010-01-02,652,2010,1,1,2
2015-11-15,653,2015,4,11,15
2011-09-07,654,2011,3,9,7
2011-01-16,655,2011,1,1,16
2017-07-08,656,2017,3,7,8
2017-06-18,657,2017,2,6,18
2015-11-04,658,2015,4,11,4
2014-09-29,659,2014,3,9,29
2016-12-08,660,2016,4,12,8
2011-02-09,661,2011,1,2,9
2013-07-09,662,2013,3,7,9
2011-03-15,663,2011,1,3,15
2011-03-08,664,2011,1,3,8
2013-12-26,665,2013,4,12,26
2012-09-29,666,2012,3,9,29
2011-04-15,667,2011,2,4,15
2011-02-06,668,2011,1,2,6
2016-07-16,669,2016,3,7,16
2014-04-20,670,2014,2,4,20
2010-09-13,671,2010,3,9,13
2013-02-14,672,2013,1,2,14
2011-02-01,673,2011,1,2,1
2010-04-27,674,2010,2,4,27
2013-10-28,675,2013,4,10,28
2010-07-14,676,2010,3,7,14
2016-12-07,677,2016,4,12,7
2012-09-23,678,2012,3,9,23
2010-03-12,679,2010,1,3,12
2010-08-28,680,2010,3,8,28
2013-03-31,681,2013,1,3,31
2014-05-06,682,2014,2,5,6
2011-05-24,683,2011,2,5,24
2014-04-06,684,2014,2,4,6
2011-03-02,685,2011,1,3,2
2013-06-03,686,2013,2,6,3
2011-11-22,687,2011,4,11,22
2013-05-06,688,2013,2,5,6
2015-07-29,689,2015,3,7,29
2011-07-03,690,2011,3,7,3
2012-11-10,691,2012,4,11,10
2016-09-06,692,2016,3,9,6
2012-07-02,693,2012,3,7,2
2010-06-08,694,2010,2,6,8
2017-05-24,695,2017,2,5,24
2014-11-07,696,2014,4,11,7
2015-08-20,697,2015,3,8,20
2014-09-12,698,2014,3,9,12
2015-08-25,699,2015,3,8,25
2011-10-12,700,2011,4,10,12
2011-03-07,701,2011,1,3,7
2014-05-01,702,2014,2,5,1
2010-04-22,703,2010,2,4,22
2010-02-26,704,2010,1,2,26
2014-03-22,705,2014,1,3,22
2015-07-28,706,2015,3,7,28
2013-12-17,707,2013,4,12,17
2010-09-27,708,2010,3,9,27
2012-07-23,709,2012,3,7,23
2016-04-08,710,2016,2,4,8
2012-03-21,711,2012,1,3,21
2010-10-02,712,2010,4,10,2
2015-09-13,713,2015,3,9,13
2013-01-10,714,2013,1,1,10
2012-06-28,715,2012,2,6,28
2013-07-18,716,2013,3,7,18
2016-09-16,717,2016,3,9,16
2012-03-19,718,2012,1,3,19
2014-01-25,719,2014,1,1,25
2010-11-03,720,2010,4,11,3
2014-11-20,721,2014,4,11,20
2013-02-12,722,2013,1,2,12
2017-01-25,723,2017,1,1,25
2017-01-31,724,2017,1,1,31
2016-05-18,725,2016,2,5,18
2017-03-28,726,2017,1,3,28
2011-12-11,727,2011,4,12,11
2011-06-19,728,2011,2,6,19
2011-08-19,729,2011,3,8,19
2010-06-11,730,2010,2,6,11
2012-02-20,731,2012,1,2,20
2016-08-25,732,2016,3,8,25
2010-12-24,733,2010,4,12,24
2013-07-07,734,2013,3,7,7
2017-02-06,735,2017,1,2,6
2015-06-23,736,2015,2,6,23
2011-02-13,737,2011,1,2,13
2016-06-22,738,2016,2,6,22
2012-02-19,739,2012,1,2,19
2015-08-14,740,2015,3,8,14
2011-01-31,741,2011,1,1,31
2011-09-11,742,2011,3,9,11
2013-06-23,743,2013,2,6,23
2017-04-23,744,2017,2,4,23
2017-07-23,745,2017,3,7,23
2013-06-11,746,2013,2,6,11
2013-04-06,747,2013,2,4,6
2013-05-21,748,2013,2,5,21
2016-09-04,749,2016,3,9,4
2012-07-12,750,2012,3,7,12
2013-01-01,751,2013,1,1,1
2013-02-08,752,2013,1,2,8
2011-11-18,753,2011,4,11,18
2012-08-11,754,2012,3,8,11
2013-03-10,755,2013,1,3,10
2016-05-20,756,2016,2,5,20
2015-01-25,757,2015,1,1,25
2015-11-11,758,2015,4,11,11
2010-11-13,759,2010,4,11,13
2012-06-08,760,2012,2,6,8
2015-01-20,761,2015,1,1,20
2012-04-05,762,2012,2,4,5
2014-07-28,763,2014,3,7,28
2013-07-21,764,2013,3,7,21
2013-10-29,765,2013,4,10,29
2014-10-19,766,2014,4,10,19
2011-04-27,767,2011,2,4,27
2010-08-25,768,2010,3,8,25
2010-06-22,769,2010,2,6,22
2015-09-07,770,2015,3,9,7
2012-02-12,771,2012,1,2,12
2016-11-22,772,2016,4,11,22
2015-08-13,773,2015,3,8,13
2015-11-25,774,2015,4,11,25
2015-01-27,775,2015,1,1,27
2011-07-13,776,2011,3,7,13
2016-02-01,777,2016,1,2,1
2010-04-30,778,2010,2,4,30
2010-12-28,779,2010,4,12,28
2013-02-24,780,2013,1,2,24
2016-09-26,781,2016,3,9,26
2013-06-21,782,2013,2,6,21
2016-11-09,783,2016,4,11,9
2014-07-30,784,2014,3,7,30
2016-09-25,785,2016,3,9,25
2015-09-27,786,2015,3,9,27
2015-05-28,787,2015,2,5,28
2017-07-27,788,2017,3,7,27
2012-09-01,789,2012,3,9,1
2016-12-10,790,2016,4,12,10
2016-02-05,791,2016,1,2,5
2010-11-28,792,2010,4,11,28
2011-08-11,793,2011,3,8,11
2010-04-10,794,2010,2,4,10
2012-12-25,795,2012,4,12,25
2011-09-28,796,2011,3,9,28
2016-03-01,797,2016,1,3,1
2011-02-25,798,2011,1,2,25
2013-06-20,799,2013,2,6,20
2016-06-30,800,2016,2,6,30
2012-02-14,801,2012,1,2,14
2016-01-05,802,2016,1,1,5
2010-10-27,803,2010,4,10,27
2010-07-23,804,2010,3,7,23
2011-05-15,805,2011,2,5,15
2010-06-17,806,2010,2,6,17
2012-10-14,807,2012,4,10,14
2011-12-23,808,2011,4,12,23
2016-07-03,809,2016,3,7,3
2017-07-16,810,2017,3,7,16
2016-03-07,811,2016,1,3,7
2015-12-07,812,2015,4,12,7
2016-09-19,813,2016,3,9,19
2013-06-07,814,2013,2,6,7
2013-09-21,815,2013,3,9,21
2013-09-22,816,2013,3,9,22
2015-07-21,817,2015,3,7,21
2014-02-05,818,2014,1,2,5
2014-01-02,819,2014,1,1,2
2012-01-23,820,2012,1,1,23
2014-03-28,821,2014,1,3,28
2015-08-28,822,2015,3,8,28
2016-12-13,823,2016,4,12,13
2012-03-20,824,2012,1,3,20
2010-12-22,825,2010,4,12,22
2014-09-04,826,2014,3,9,4
2014-08-23,827,2014,3,8,23
2014-08-05,828,2014,3,8,5
2017-07-15,829,2017,3,7,15
2013-05-25,830,2013,2,5,25
2016-09-17,831,2016,3,9,17
2015-10-29,832,2015,4,10,29
2012-10-25,833,2012,4,10,25
2015-01-22,834,2015,1,1,22
2010-03-08,835,2010,1,3,8
2017-02-28,836,2017,1,2,28
2011-08-20,837,2011,3,8,20
2012-08-01,838,2012,3,8,1
2014-08-14,839,2014,3,8,14
2013-04-19,840,2013,2,4,19
2012-05-04,841,2012,2,5,4
2011-10-09,842,2011,4,10,9
2013-12-04,843,2013,4,12,4
2013-02-19,844,2013,1,2,19
2015-09-20,845,2015,3,9,20
2012-05-18,846,2012,2,5,18
2016-11-05,847,2016,4,11,5
2015-03-06,848,2015,1,3,6
2011-06-10,849,2011,2,6,10
2011-10-20,850,2011,4,10,20
2011-03-21,851,2011,1,3,21
2012-03-08,852,2012,1,3,8
2012-06-09,853,2012,2,6,9
2012-07-15,854,2012,3,7,15
2015-10-23,855,2015,4,10,23
2014-09-07,856,2014,3,9,7
2016-12-14,857,2016,4,12,14
2011-01-06,858,2011,1,1,6
2011-01-22,859,2011,1,1,22
2012-03-01,860,2012,1,3,1
2013-03-09,861,2013,1,3,9
2015-06-01,862,2015,2,6,1
2013-02-02,863,2013,1,2,2
2017-05-19,864,2017,2,5,19
2014-01-07,865,2014,1,1,7
2012-02-03,866,2012,1,2,3
2010-04-29,867,2010,2,4,29
2016-09-11,868,2016,3,9,11
2015-09-17,869,2015,3,9,17
2016-01-20,870,2016,1,1,20
2017-02-12,871,2017,1,2,12
2015-02-19,872,2015,1,2,19
2013-06-18,873,2013,2,6,18
2016-01-27,874,2016,1,1,27
2015-10-19,875,2015,4,10,19
2014-10-26,876,2014,4,10,26
2012-08-03,877,2012,3,8,3
2017-03-15,878,2017,1,3,15
2011-04-26,879,2011,2,4,26
2016-07-06,880,2016,3,7,6
2013-10-15,881,2013,4,10,15
2015-07-01,882,2015,3,7,1
2016-02-16,883,2016,1,2,16
2016-05-07,884,2016,2,5,7
2010-03-29,885,2010,1,3,29
2015-11-16,886,2015,4,11,16
2014-09-28,887,2014,3,9,28
2015-02-23,888,2015,1,2,23
2011-01-15,889,2011,1,1,15
2014-07-20,890,2014,3,7,20
2012-02-11,891,2012,1,2,11
2015-04-10,892,2015,2,4,10
2014-04-16,893,2014,2,4,16
2017-03-05,894,2017,1,3,5
2011-12-02,895,2011,4,12,2
2012-10-20,896,2012,4,10,20
2015-07-11,897,2015,3,7,11
2012-10-17,898,2012,4,10,17
2011-05-17,899,2011,2,5,17
2016-02-02,900,2016,1,2,2
2011-02-18,901,2011,1,2,18
2012-10-04,902,2012,4,10,4
2011-12-24,903,2011,4,12,24
2013-11-13,904,2013,4,11,13
2016-07-27,905,2016,3,7,27
2016-05-24,906,2016,2,5,24
2015-01-13,907,2015,1,1,13
2017-07-14,908,2017,3,7,14
2015-11-12,909,2015,4,11,12
2016-02-10,910,2016,1,2,10
2010-04-11,911,2010,2,4,11
2010-05-10,912,2010,2,5,10
2014-04-09,913,2014,2,4,9
2017-03-20,914,2017,1,3,20
2015-06-16,915,2015,2,6,16
2010-02-06,916,2010,1,2,6
2010-11-26,917,2010,4,11,26
2017-04-27,918,2017,2,4,27
2014-09-22,919,2014,3,9,22
2016-01-24,920,2016,1,1,24
2015-09-16,921,2015,3,9,16
2012-05-19,922,2012,2,5,19
2011-02-27,923,2011,1,2,27
2011-09-03,924,2011,3,9,3
2013-06-29,925,2013,2,6,29
2012-01-29,926,2012,1,1,29
2010-12-12,927,2010,4,12,12
2016-03-17,928,2016,1,3,17
2014-03-06,929,2014,1,3,6
2010-10-13,930,2010,4,10,13
2015-10-16,931,2015,4,10,16
2011-02-02,932,2011,1,2,2
2010-02-07,933,2010,1,2,7
2012-12-20,934,2012,4,12,20
2013-10-27,935,2013,4,10,27
2013-08-04,936,2013,3,8,4
2011-07-17,937,2011,3,7,17
2010-05-25,938,2010,2,5,25
2012-12-06,939,2012,4,12,6
2010-11-11,940,2010,4,11,11
2014-12-14,941,2014,4,12,14
2011-01-19,942,2011,1,1,19
2011-04-20,943,2011,2,4,20
2011-05-29,944,2011,2,5,29
2011-05-05,945,2011,2,5,5
2014-03-11,946,2014,1,3,11
2013-03-05,947,2013,1,3,5
2010-12-09,948,2010,4,12,9
2013-03-14,949,2013,1,3,14
2014-10-31,950,2014,4,10,31
2016-02-24,951,2016,1,2,24
2015-07-30,952,2015,3,7,30
2015-10-13,953,2015,4,10,13
2013-08-15,954,2013,3,8,15
2014-08-02,955,2014,3,8,2
2013-11-14,956,2013,4,11,14
2015-04-25,957,2015,2,4,25
2012-06-14,958,2012,2,6,14
2012-09-19,959,2012,3,9,19
2013-09-16,960,2013,3,9,16
2016-10-15,961,2016,4,10,15
2014-11-09,962,2014,4,11,9
2011-07-25,963,2011,3,7,25
2013-06-12,964,2013,2,6,12
2013-02-03,965,2013,1,2,3
2013-10-16,966,2013,4,10,16
2015-05-09,967,2015,2,5,9
2017-05-16,968,2017,2,5,16
2010-03-04,969,2010,1,3,4
2012-04-15,970,2012,2,4,15
2013-09-01,971,2013,3,9,1
2015-01-24,972,2015,1,1,24
2014-07-07,973,2014,3,7,7
2017-05-18,974,2017,2,5,18
2011-02-21,975,2011,1,2,21
2017-04-29,976,2017,2,4,29
2014-12-03,977,2014,4,12,3
2010-06-26,978,2010,2,6,26
2010-10-25,979,2010,4,10,25
2015-04-06,980,2015,2,4,6
2011-12-10,981,2011,4,12,10
2016-06-08,982,2016,2,6,8
2010-05-26,983,2010,2,5,26
2014-12-27,984,2014,4,12,27
2011-09-24,985,2011,3,9,24
2014-12-30,986,2014,4,12,30
2017-07-01,987,2017,3,7,1
2016-10-18,988,2016,4,10,18
2011-07-10,989,2011,3,7,10
2012-09-22,990,2012,3,9,22
2015-02-07,991,2015,1,2,7
2016-11-28,992,2016,4,11,28
2015-07-07,993,2015,3,7,7
2017-05-12,994,2017,2,5,12
2015-05-17,995,2015,2,5,17
2015-08-24,996,2015,3,8,24
2012-01-25,997,2012,1,1,25
2013-01-20,998,2013,1,1,20
2011-03-09,999,2011,1,3,9
2011-10-30,1000,2011,4,10,30
2013-11-06,1001,2013,4,11,6
2013-05-24,1002,2013,2,5,24
2013-11-19,1003,2013,4,11,19
2011-04-25,1004,2011,2,4,25
2014-09-13,1005,2014,3,9,13
2015-10-20,1006,2015,4,10,20
2012-05-06,1007,2012,2,5,6
2012-03-07,1008,2012,1,3,7
2012-03-29,1009,2012,1,3,29
2013-09-17,1010,2013,3,9,17
2017-07-09,1011,2017,3,7,9
2013-09-05,1012,2013,3,9,5
2017-07-21,1013,2017,3,7,21
2017-05-10,1014,2017,2,5,10
2013-09-23,1015,2013,3,9,23
2015-12-12,1016,2015,4,12,12
2015-06-03,1017,2015,2,6,3
2012-03-14,1018,2012,1,3,14
2010-10-05,1019,2010,4,10,5
2010-08-05,1020,2010,3,8,5
2011-10-31,1021,2011,4,10,31
2015-03-14,1022,2015,1,3,14
2011-06-26,1023,2011,2,6,26
2016-04-03,1024,2016,2,4,3
2012-06-01,1025,2012,2,6,1
2014-05-22,1026,2014,2,5,22
2011-06-21,1027,2011,2,6,21
2010-05-06,1028,2010,2,5,6
2014-10-18,1029,2014,4,10,18
2011-08-06,1030,2011,3,8,6
2012-07-27,1031,2012,3,7,27
2010-07-27,1032,2010,3,7,27
2015-12-05,1033,2015,4,12,5
2013-01-26,1034,2013,1,1,26
2014-01-01,1035,2014,1,1,1
2016-08-20,1036,2016,3,8,20
2016-03-04,1037,2016,1,3,4
2016-06-12,1038,2016,2,6,12
2010-12-30,1039,2010,4,12,30
2010-02-14,1040,2010,1,2,14
2010-06-02,1041,2010,2,6,2
2011-05-21,1042,2011,2,5,21
2016-02-09,1043,2016,1,2,9
2011-07-24,1044,2011,3,7,24
2015-08-18,1045,2015,3,8,18
2017-07-17,1046,2017,3,7,17
2014-08-31,1047,2014,3,8,31
2017-07-04,1048,2017,3,7,4
2010-08-13,1049,2010,3,8,13
2015-02-24,1050,2015,1,2,24
2010-08-18,1051,2010,3,8,18
2013-04-05,1052,2013,2,4,5
2016-01-28,1053,2016,1,1,28
2012-12-28,1054,2012,4,12,28
2017-05-06,1055,2017,2,5,6
2010-05-01,1056,2010,2,5,1
2016-09-09,1057,2016,3,9,9
2012-12-05,1058,2012,4,12,5
2012-06-20,1059,2012,2,6,20
2014-06-08,1060,2014,2,6,8
2012-04-07,1061,2012,2,4,7
2013-02-28,1062,2013,1,2,28
2010-06-05,1063,2010,2,6,5
2014-04-02,1064,2014,2,4,2
2011-07-04,1065,2011,3,7,4
2012-04-10,1066,2012,2,4,10
2016-10-23,1067,2016,4,10,23
2012-06-04,1068,2012,2,6,4
2010-10-19,1069,2010,4,10,19
2014-04-01,1070,2014,2,4,1
2010-02-24,1071,2010,1,2,24
2014-10-07,1072,2014,4,10,7
2015-02-15,1073,2015,1,2,15
2010-09-07,1074,2010,3,9,7
2017-02-09,1075,2017,1,2,9
2017-01-21,1076,2017,1,1,21
2016-12-19,1077,2016,4,12,19
2017-06-11,1078,2017,2,6,11
2017-04-13,1079,2017,2,4,13
2012-11-05,1080,2012,4,11,5
2017-02-25,1081,2017,1,2,25
2013-08-02,1082,2013,3,8,2
2015-08-06,1083,2015,3,8,6
2013-07-13,1084,2013,3,7,13
2014-01-24,1085,2014,1,1,24
2013-07-31,1086,2013,3,7,31
2017-02-02,1087,2017,1,2,2
2011-10-02,1088,2011,4,10,2
2015-07-12,1089,2015,3,7,12
2011-11-05,1090,2011,4,11,5
2011-07-28,1091,2011,3,7,28
2014-10-02,1092,2014,4,10,2
2011-02-24,1093,2011,1,2,24
2016-12-29,1094,2016,4,12,29
2014-11-16,1095,2014,4,11,16
2013-07-11,1096,2013,3,7,11
2015-04-02,1097,2015,2,4,2
2015-03-17,1098,2015,1,3,17
2014-08-04,1099,2014,3,8,4
2011-01-29,1100,2011,1,1,29
2016-12-24,1101,2016,4,12,24
2013-05-10,1102,2013,2,5,10
2010-08-06,1103,2010,3,8,6
2012-04-02,1104,2012,2,4,2
2013-01-03,1105,2013,1,1,3
2011-11-26,1106,2011,4,11,26
2010-03-17,1107,2010,1,3,17
2016-12-30,1108,2016,4,12,30
2017-04-06,1109,2017,2,4,6
2011-09-06,1110,2011,3,9,6
2010-05-04,1111,2010,2,5,4
2010-07-15,1112,2010,3,7,15
2010-05-22,1113,2010,2,5,22
2012-09-08,1114,2012,3,9,8
2012-01-13,1115,2012,1,1,13
2012-05-31,1116,2012,2,5,31
2016-10-30,1117,2016,4,10,30
2014-03-18,1118,2014,1,3,18
2017-01-15,1119,2017,1,1,15
2017-01-11,1120,2017,1,1,11
2014-02-24,1121,2014,1,2,24
2015-12-29,1122,2015,4,12,29
2011-12-08,1123,2011,4,12,8
2016-02-17,1124,2016,1,2,17
2013-05-08,1125,2013,2,5,8
2012-12-23,1126,2012,4,12,23
2012-01-15,1127,2012,1,1,15
2014-08-26,1128,2014,3,8,26
2010-02-12,1129,2010,1,2,12
2017-04-14,1130,2017,2,4,14
2011-09-01,1131,2011,3,9,1
2011-06-14,1132,2011,2,6,14
2015-04-01,1133,2015,2,4,1
2015-05-02,1134,2015,2,5,2
2017-04-24,1135,2017,2,4,24
2015-05-27,1136,2015,2,5,27
2017-06-16,1137,2017,2,6,16
2013-06-22,1138,2013,2,6,22
2017-03-22,1139,2017,1,3,22
2017-06-17,1140,2017,2,6,17
2012-09-28,1141,2012,3,9,28
2013-05-07,1142,2013,2,5,7
2011-11-13,1143,2011,4,11,13
2012-06-05,1144,2012,2,6,5
2011-10-26,1145,2011,4,10,26
2014-02-15,1146,2014,1,2,15
2016-02-25,1147,2016,1,2,25
2016-08-10,1148,2016,3,8,10
2014-05-27,1149,2014,2,5,27
2014-06-14,1150,2014,2,6,14
2013-12-18,1151,2013,4,12,18
2016-04-09,1152,2016,2,4,9
2010-10-22,1153,2010,4,10,22
2010-08-11,1154,2010,3,8,11
2015-06-28,1155,2015,2,6,28
2014-12-17,1156,2014,4,12,17
2014-10-03,1157,2014,4,10,3
2010-04-21,1158,2010,2,4,21
2013-05-16,1159,2013,2,5,16
2013-04-08,1160,2013,2,4,8
2011-07-14,1161,2011,3,7,14
2014-10-28,1162,2014,4,10,28
2016-08-31,1163,2016,3,8,31
2011-08-25,1164,2011,3,8,25
2017-03-09,1165,2017,1,3,9
2011-08-18,1166,2011,3,8,18
2013-01-02,1167,2013,1,1,2
2012-02-21,1168,2012,1,2,21
2010-02-21,1169,2010,1,2,21
2014-11-25,1170,2014,4,11,25
2015-02-11,1171,2015,1,2,11
2014-09-03,1172,2014,3,9,3
2017-06-04,1173,2017,2,6,4
2014-12-25,1174,2014,4,12,25
2017-06-13,1175,2017,2,6,13
2013-04-12,1176,2013,2,4,12
2016-09-07,1177,2016,3,9,7
2010-01-15,1178,2010,1,1,15
2010-05-13,1179,2010,2,5,13
2013-08-13,1180,2013,3,8,13
2016-10-07,1181,2016,4,10,7
2015-12-26,1182,2015,4,12,26
2015-02-08,1183,2015,1,2,8
2012-08-28,1184,2012,3,8,28
2014-09-25,1185,2014,3,9,25
2011-04-10,1186,2011,2,4,10
2016-10-27,1187,2016,4,10,27
2013-10-07,1188,2013,4,10,7
2010-09-04,1189,2010,3,9,4
2012-02-10,1190,2012,1,2,10
2014-07-26,1191,2014,3,7,26
2016-05-09,1192,2016,2,5,9
2011-09-13,1193,2011,3,9,13
2011-03-10,1194,2011,1,3,10
2010-11-24,1195,2010,4,11,24
2013-09-11,1196,2013,3,9,11
2016-12-01,1197,2016,4,12,1
2014-07-24,1198,2014,3,7,24
2010-11-10,1199,2010,4,11,10
2011-10-11,1200,2011,4,10,11
2012-12-24,1201,2012,4,12,24
2011-03-18,1202,2011,1,3,18
2015-08-16,1203,2015,3,8,16
2014-06-27,1204,2014,2,6,27
2010-07-31,1205,2010,3,7,31
2016-04-19,1206,2016,2,4,19
2011-07-21,1207,2011,3,7,21
2010-09-02,1208,2010,3,9,2
2016-07-20,1209,2016,3,7,20
2011-03-30,1210,2011,1,3,30
2017-07-05,1211,2017,3,7,5
2011-04-13,1212,2011,2,4,13
2012-06-02,1213,2012,2,6,2
2011-08-15,1214,2011,3,8,15
2011-12-04,1215,2011,4,12,4
2010-06-25,1216,2010,2,6,25
2013-09-24,1217,2013,3,9,24
2010-03-31,1218,2010,1,3,31
2014-08-11,1219,2014,3,8,11
2012-07-01,1220,2012,3,7,1
2013-01-24,1221,2013,1,1,24
2015-12-17,1222,2015,4,12,17
2014-12-08,1223,2014,4,12,8
2014-08-29,1224,2014,3,8,29
2013-10-26,1225,2013,4,10,26
2012-04-28,1226,2012,2,4,28
2012-10-31,1227,2012,4,10,31
2011-05-19,1228,2011,2,5,19
2014-06-13,1229,2014,2,6,13
2017-03-26,1230,2017,1,3,26
2017-02-13,1231,2017,1,2,13
2010-05-24,1232,2010,2,5,24
2016-10-04,1233,2016,4,10,4
2011-11-20,1234,2011,4,11,20
2014-03-01,1235,2014,1,3,1
2013-11-10,1236,2013,4,11,10
2011-05-20,1237,2011,2,5,20
2010-05-19,1238,2010,2,5,19
2014-07-15,1239,2014,3,7,15
2010-02-20,1240,2010,1,2,20
2011-02-04,1241,2011,1,2,4
2013-02-06,1242,2013,1,2,6
2013-03-19,1243,2013,1,3,19
2015-10-09,1244,2015,4,10,9
2015-06-04,1245,2015,2,6,4
2016-04-17,1246,2016,2,4,17
2011-05-09,1247,2011,2,5,9
2011-06-07,1248,2011,2,6,7
2011-09-21,1249,2011,3,9,21
2016-01-23,1250,2016,1,1,23
2013-01-13,1251,2013,1,1,13
2013-09-14,1252,2013,3,9,14
2016-06-04,1253,2016,2,6,4
2016-09-08,1254,2016,3,9,8
2013-08-08,1255,2013,3,8,8
2014-11-27,1256,2014,4,11,27
2011-08-01,1257,2011,3,8,1
2017-01-17,1258,2017,1,1,17
2016-04-15,1259,2016,2,4,15
2013-03-22,1260,2013,1,3,22
2016-10-11,1261,2016,4,10,11
2012-10-26,1262,2012,4,10,26
2013-10-13,1263,2013,4,10,13
2013-04-16,1264,2013,2,4,16
2016-11-19,1265,2016,4,11,19
2013-08-29,1266,2013,3,8,29
2010-03-24,1267,2010,1,3,24
2015-07-23,1268,2015,3,7,23
2012-06-19,1269,2012,2,6,19
2015-10-26,1270,2015,4,10,26
2010-11-30,1271,2010,4,11,30
2014-06-21,1272,2014,2,6,21
2017-06-14,1273,2017,2,6,14
2011-05-23,1274,2011,2,5,23
2015-04-27,1275,2015,2,4,27
2015-10-21,1276,2015,4,10,21
2017-06-02,1277,2017,2,6,2
2015-05-08,1278,2015,2,5,8
2013-04-28,1279,2013,2,4,28
2011-08-05,1280,2011,3,8,5
2012-07-04,1281,2012,3,7,4
2016-11-29,1282,2016,4,11,29
2011-04-22,1283,2011,2,4,22
2016-01-03,1284,2016,1,1,3
2012-08-09,1285,2012,3,8,9
2017-01-10,1286,2017,1,1,10
2014-12-05,1287,2014,4,12,5
2015-12-16,1288,2015,4,12,16
2014-12-15,1289,2014,4,12,15
2015-07-04,1290,2015,3,7,4
2013-10-12,1291,2013,4,10,12
2016-04-11,1292,2016,2,4,11
2015-01-01,1293,2015,1,1,1
2016-08-04,1294,2016,3,8,4
2011-01-21,1295,2011,1,1,21
2014-04-17,1296,2014,2,4,17
2016-10-08,1297,2016,4,10,8
2010-01-05,1298,2010,1,1,5
2013-02-13,1299,2013,1,2,13
2015-12-20,1300,2015,4,12,20
2013-04-10,1301,2013,2,4,10
2017-02-20,1302,2017,1,2,20
2011-05-18,1303,2011,2,5,18
2010-05-16,1304,2010,2,5,16
2017-04-05,1305,2017,2,4,5
2011-02-28,1306,2011,1,2,28
2011-02-08,1307,2011,1,2,8
2015-10-04,1308,2015,4,10,4
2015-01-06,1309,2015,1,1,6
2013-02-27,1310,2013,1,2,27
2011-01-07,1311,2011,1,1,7
2012-03-30,1312,2012,1,3,30
2016-07-18,1313,2016,3,7,18
2016-02-15,1314,2016,1,2,15
2010-01-24,1315,2010,1,1,24
2014-10-01,1316,2014,4,10,1
2013-07-16,1317,2013,3,7,16
2013-08-01,1318,2013,3,8,1
2013-06-25,1319,2013,2,6,25
2014-01-09,1320,2014,1,1,9
2016-07-15,1321,2016,3,7,15
2014-03-24,1322,2014,1,3,24
2017-04-16,1323,2017,2,4,16
2016-03-13,1324,2016,1,3,13
2016-04-10,1325,2016,2,4,10
2017-04-30,1326,2017,2,4,30
2010-01-01,1327,2010,1,1,1
2011-05-06,1328,2011,2,5,6
2012-05-21,1329,2012,2,5,21
2013-12-21,1330,2013,4,12,21
2010-11-05,1331,2010,4,11,5
2017-05-04,1332,2017,2,5,4
2012-08-27,1333,2012,3,8,27
2010-02-19,1334,2010,1,2,19
2011-04-23,1335,2011,2,4,23
2010-03-25,1336,2010,1,3,25
2015-01-19,1337,2015,1,1,19
2012-12-21,1338,2012,4,12,21
2012-08-25,1339,2012,3,8,25
2015-09-03,1340,2015,3,9,3
2016-11-27,1341,2016,4,11,27
2016-01-17,1342,2016,1,1,17
2014-02-02,1343,2014,1,2,2
2016-07-10,1344,2016,3,7,10
2010-03-19,1345,2010,1,3,19
2012-11-01,1346,2012,4,11,1
2012-11-04,1347,2012,4,11,4
2011-02-12,1348,2011,1,2,12
2012-08-31,1349,2012,3,8,31
2015-02-12,1350,2015,1,2,12
2013-06-19,1351,2013,2,6,19
2011-03-12,1352,2011,1,3,12
2015-09-02,1353,2015,3,9,2
2016-09-21,1354,2016,3,9,21
2012-08-19,1355,2012,3,8,19
2015-11-20,1356,2015,4,11,20
2014-09-08,1357,2014,3,9,8
2016-07-09,1358,2016,3,7,9
2012-07-22,1359,2012,3,7,22
2014-04-23,1360,2014,2,4,23
2010-07-01,1361,2010,3,7,1
2015-02-01,1362,2015,1,2,1
2011-12-09,1363,2011,4,12,9
2016-12-15,1364,2016,4,12,15
2015-09-09,1365,2015,3,9,9
2016-01-10,1366,2016,1,1,10
2015-03-08,1367,2015,1,3,8
2010-01-27,1368,2010,1,1,27
2012-06-12,1369,2012,2,6,12
2011-10-22,1370,2011,4,10,22
2011-05-14,1371,2011,2,5,14
2017-01-19,1372,2017,1,1,19
2014-12-22,1373,2014,4,12,22
2012-05-13,1374,2012,2,5,13
2015-01-03,1375,2015,1,1,3
2011-08-12,1376,2011,3,8,12
2014-07-10,1377,2014,3,7,10
2017-01-07,1378,2017,1,1,7
2016-11-01,1379,2016,4,11,1
2011-06-17,1380,2011,2,6,17
2014-03-04,1381,2014,1,3,4
2011-01-23,1382,2011,1,1,23
2012-10-06,1383,2012,4,10,6
2010-08-24,1384,2010,3,8,24
2016-12-22,1385,2016,4,12,22
2015-11-13,1386,2015,4,11,13
2010-05-30,1387,2010,2,5,30
2014-10-20,1388,2014,4,10,20
2015-08-03,1389,2015,3,8,3
2015-06-20,1390,2015,2,6,20
2016-09-01,1391,2016,3,9,1
2011-11-06,1392,2011,4,11,6
2014-11-23,1393,2014,4,11,23
2010-06-24,1394,2010,2,6,24
2010-10-31,1395,2010,4,10,31
2014-02-09,1396,2014,1,2,9
2015-09-29,1397,2015,3,9,29
2012-03-27,1398,2012,1,3,27
2012-06-16,1399,2012,2,6,16
2013-06-02,1400,2013,2,6,2
2010-08-03,1401,2010,3,8,3
2015-06-30,1402,2015,2,6,30
2012-11-07,1403,2012,4,11,7
2010-12-17,1404,2010,4,12,17
2010-02-05,1405,2010,1,2,5
2011-10-23,1406,2011,4,10,23
2011-12-15,1407,2011,4,12,15
2012-01-08,1408,2012,1,1,8
2012-06-03,1409,2012,2,6,3
2014-01-28,1410,2014,1,1,28
2011-11-27,1411,2011,4,11,27
2010-02-08,1412,2010,1,2,8
2015-10-27,1413,2015,4,10,27
2014-05-26,1414,2014,2,5,26
2010-07-04,1415,2010,3,7,4
2010-01-16,1416,2010,1,1,16
2013-11-27,1417,2013,4,11,27
2017-05-30,1418,2017,2,5,30
2013-02-23,1419,2013,1,2,23
2017-07-02,1420,2017,3,7,2
2015-11-08,1421,2015,4,11,8
2016-04-27,1422,2016,2,4,27
2011-05-26,1423,2011,2,5,26
2017-03-24,1424,2017,1,3,24
2011-01-17,1425,2011,1,1,17
2013-01-27,1426,2013,1,1,27
2012-08-30,1427,2012,3,8,30
2012-08-16,1428,2012,3,8,16
2016-04-23,1429,2016,2,4,23
2010-09-22,1430,2010,3,9,22
2016-10-10,1431,2016,4,10,10
2014-09-16,1432,2014,3,9,16
2015-04-15,1433,2015,2,4,15
2013-02-21,1434,2013,1,2,21
2016-08-27,1435,2016,3,8,27
2016-01-15,1436,2016,1,1,15
2011-03-19,1437,2011,1,3,19
2017-01-20,1438,2017,1,1,20
2010-10-28,1439,2010,4,10,28
2014-02-03,1440,2014,1,2,3
2014-07-19,1441,2014,3,7,19
2014-03-27,1442,2014,1,3,27
2015-05-26,1443,2015,2,5,26
2012-02-13,1444,2012,1,2,13
2012-11-14,1445,2012,4,11,14
2010-05-27,1446,2010,2,5,27
2013-02-20,1447,2013,1,2,20
2016-04-05,1448,2016,2,4,5
2012-08-06,1449,2012,3,8,6
2013-11-02,1450,2013,4,11,2
2011-09-26,1451,2011,3,9,26
2016-07-21,1452,2016,3,7,21
2016-05-02,1453,2016,2,5,2
2011-08-08,1454,2011,3,8,8
2011-02-23,1455,2011,1,2,23
2010-05-15,1456,2010,2,5,15
2013-11-28,1457,2013,4,11,28
2011-09-10,1458,2011,3,9,10
2010-10-18,1459,2010,4,10,18
2012-10-30,1460,2012,4,10,30
2016-11-30,1461,2016,4,11,30
2014-05-24,1462,2014,2,5,24
2010-09-20,1463,2010,3,9,20
2010-10-01,1464,2010,4,10,1
2012-12-17,1465,2012,4,12,17
2013-03-24,1466,2013,1,3,24
2010-01-11,1467,2010,1,1,11
2016-10-03,1468,2016,4,10,3
2010-01-10,1469,2010,1,1,10
2015-07-31,1470,2015,3,7,31
2011-09-18,1471,2011,3,9,18
2015-08-02,1472,2015,3,8,2
2012-07-10,1473,2012,3,7,10
2011-05-04,1474,2011,2,5,4
2013-05-23,1475,2013,2,5,23
2015-07-14,1476,2015,3,7,14
2012-12-01,1477,2012,4,12,1
2016-09-10,1478,2016,3,9,10
2012-06-21,1479,2012,2,6,21
2014-11-01,1480,2014,4,11,1
2012-05-09,1481,2012,2,5,9
2017-05-20,1482,2017,2,5,20
2016-05-13,1483,2016,2,5,13
2010-11-07,1484,2010,4,11,7
2017-03-29,1485,2017,1,3,29
2010-06-21,1486,2010,2,6,21
2014-11-19,1487,2014,4,11,19
2014-04-30,1488,2014,2,4,30
2013-01-29,1489,2013,1,1,29
2014-08-24,1490,2014,3,8,24
2013-02-16,1491,2013,1,2,16
2013-04-01,1492,2013,2,4,1
2010-03-13,1493,2010,1,3,13
2012-04-23,1494,2012,2,4,23
2017-04-12,1495,2017,2,4,12
2016-09-02,1496,2016,3,9,2
2015-05-20,1497,2015,2,5,20
2010-10-20,1498,2010,4,10,20
2016-08-28,1499,2016,3,8,28
2014-09-30,1500,2014,3,9,30
2013-07-26,1501,2013,3,7,26
2014-03-30,1502,2014,1,3,30
2016-12-11,1503,2016,4,12,11
2015-03-15,1504,2015,1,3,15
2011-04-02,1505,2011,2,4,2
2015-10-24,1506,2015,4,10,24
2011-08-04,1507,2011,3,8,4
2015-03-10,1508,2015,1,3,10
2016-05-23,1509,2016,2,5,23
2015-12-14,1510,2015,4,12,14
2016-07-29,1511,2016,3,7,29
2015-10-18,1512,2015,4,10,18
2010-01-28,1513,2010,1,1,28
2011-01-05,1514,2011,1,1,5
2017-06-08,1515,2017,2,6,8
2015-12-02,1516,2015,4,12,2
2015-07-27,1517,2015,3,7,27
2012-04-26,1518,2012,2,4,26
2011-05-03,1519,2011,2,5,3
2016-08-12,1520,2016,3,8,12
2014-10-25,1521,2014,4,10,25
2015-08-27,1522,2015,3,8,27
2015-03-19,1523,2015,1,3,19
2013-10-20,1524,2013,4,10,20
2013-02-25,1525,2013,1,2,25
2016-01-22,1526,2016,1,1,22
2010-10-08,1527,2010,4,10,8
2015-02-14,1528,2015,1,2,14
2014-11-21,1529,2014,4,11,21
2010-07-09,1530,2010,3,7,9
2010-04-13,1531,2010,2,4,13
2014-05-10,1532,2014,2,5,10
2013-12-29,1533,2013,4,12,29
2016-04-18,1534,2016,2,4,18
2010-09-06,1535,2010,3,9,6
2016-07-26,1536,2016,3,7,26
2017-06-26,1537,2017,2,6,26
2010-11-27,1538,2010,4,11,27
2016-04-13,1539,2016,2,4,13
2016-12-09,1540,2016,4,12,9
2010-06-28,1541,2010,2,6,28
2015-03-24,1542,2015,1,3,24
2011-12-14,1543,2011,4,12,14
2010-11-29,1544,2010,4,11,29
2016-01-02,1545,2016,1,1,2
2017-01-28,1546,2017,1,1,28
2016-05-25,1547,2016,2,5,25
2015-02-18,1548,2015,1,2,18
2014-02-04,1549,2014,1,2,4
2014-07-04,1550,2014,3,7,4
2015-05-19,1551,2015,2,5,19
2012-02-04,1552,2012,1,2,4
2013-05-20,1553,2013,2,5,20
2016-01-07,1554,2016,1,1,7
2016-06-21,1555,2016,2,6,21
2012-09-30,1556,2012,3,9,30
2011-01-24,1557,2011,1,1,24
2011-08-30,1558,2011,3,8,30
2012-10-07,1559,2012,4,10,7
2012-07-16,1560,2012,3,7,16
2013-12-25,1561,2013,4,12,25
2013-08-06,1562,2013,3,8,6
2013-10-18,1563,2013,4,10,18
2016-12-12,1564,2016,4,12,12
2012-02-25,1565,2012,1,2,25
2017-03-19,1566,2017,1,3,19
2017-06-05,1567,2017,2,6,5
2014-12-02,1568,2014,4,12,2
2010-12-14,1569,2010,4,12,14
2014-06-09,1570,2014,2,6,9
2012-12-13,1571,2012,4,12,13
2015-10-08,1572,2015,4,10,8
2016-04-28,1573,2016,2,4,28
2017-02-14,1574,2017,1,2,14
2013-07-15,1575,2013,3,7,15
2013-05-29,1576,2013,2,5,29
2015-11-14,1577,2015,4,11,14
2012-08-02,1578,2012,3,8,2
2016-01-16,1579,2016,1,1,16
2012-12-31,1580,2012,4,12,31
2013-01-23,1581,2013,1,1,23
2012-01-14,1582,2012,1,1,14
2013-06-13,1583,2013,2,6,13
2010-09-14,1584,2010,3,9,14
2011-07-05,1585,2011,3,7,5
2017-03-12,1586,2017,1,3,12
2010-09-21,1587,2010,3,9,21
2013-05-12,1588,2013,2,5,12
2012-01-31,1589,2012,1,1,31
2015-09-08,1590,2015,3,9,8
2013-04-30,1591,2013,2,4,30
2012-02-15,1592,2012,1,2,15
2012-01-26,1593,2012,1,1,26
2010-10-30,1594,2010,4,10,30
2012-05-10,1595,2012,2,5,10
2010-10-06,1596,2010,4,10,6
2013-04-21,1597,2013,2,4,21
2014-10-11,1598,2014,4,10,11
2012-06-18,1599,2012,2,6,18
2015-03-07,1600,2015,1,3,7
2015-08-07,1601,2015,3,8,7
2014-06-07,1602,2014,2,6,7
2014-08-30,1603,2014,3,8,30
2014-01-08,1604,2014,1,1,8
2014-10-23,1605,2014,4,10,23
2016-03-16,1606,2016,1,3,16
2010-12-02,1607,2010,4,12,2
2015-06-12,1608,2015,2,6,12
2014-03-19,1609,2014,1,3,19
2015-03-30,1610,2015,1,3,30
2013-04-11,1611,2013,2,4,11
2016-01-26,1612,2016,1,1,26
2015-04-24,1613,2015,2,4,24
2010-01-30,1614,2010,1,1,30
2013-01-07,1615,2013,1,1,7
2015-03-25,1616,2015,1,3,25
2013-04-22,1617,2013,2,4,22
2010-04-07,1618,2010,2,4,7
2013-05-02,1619,2013,2,5,2
2016-07-04,1620,2016,3,7,4
2012-05-11,1621,2012,2,5,11
2012-08-07,1622,2012,3,8,7
2017-05-31,1623,2017,2,5,31
2010-12-05,1624,2010,4,12,5
2012-01-01,1625,2012,1,1,1
2014-11-06,1626,2014,4,11,6
2010-07-20,1627,2010,3,7,20
2010-07-24,1628,2010,3,7,24
2013-06-16,1629,2013,2,6,16
2016-05-22,1630,2016,2,5,22
2017-03-08,1631,2017,1,3,8
2017-01-06,1632,2017,1,1,6
2013-11-24,1633,2013,4,11,24
2013-07-30,1634,2013,3,7,30
2015-02-03,1635,2015,1,2,3
2012-02-02,1636,2012,1,2,2
2013-12-13,1637,2013,4,12,13
2011-10-03,1638,2011,4,10,3
2011-02-05,1639,2011,1,2,5
2016-05-28,1640,2016,2,5,28
2015-07-16,1641,2015,3,7,16
2011-01-26,1642,2011,1,1,26
2012-07-21,1643,2012,3,7,21
2016-11-17,1644,2016,4,11,17
2013-10-23,1645,2013,4,10,23
2011-09-04,1646,2011,3,9,4
2015-02-27,1647,2015,1,2,27
2010-04-23,1648,2010,2,4,23
2014-06-05,1649,2014,2,6,5
2013-11-26,1650,2013,4,11,26
2010-02-02,1651,2010,1,2,2
2012-03-26,1652,2012,1,3,26
2015-11-24,1653,2015,4,11,24
2015-02-04,1654,2015,1,2,4
2015-07-19,1655,2015,3,7,19
2014-02-10,1656,2014,1,2,10
2012-08-24,1657,2012,3,8,24
2012-04-19,1658,2012,2,4,19
2011-12-03,1659,2011,4,12,3
2010-09-23,1660,2010,3,9,23
2016-07-30,1661,2016,3,7,30
2011-11-23,1662,2011,4,11,23
2015-09-15,1663,2015,3,9,15
2010-02-03,1664,2010,1,2,3
2017-07-13,1665,2017,3,7,13
2015-11-26,1666,2015,4,11,26
2012-07-14,1667,2012,3,7,14
2017-04-11,1668,2017,2,4,11
2014-06-03,1669,2014,2,6,3
2013-07-03,1670,2013,3,7,3
2016-01-14,1671,2016,1,1,14
2012-01-11,1672,2012,1,1,11
2014-05-05,1673,2014,2,5,5
2012-03-31,1674,2012,1,3,31
2015-05-07,1675,2015,2,5,7
2014-11-30,1676,2014,4,11,30
2016-05-27,1677,2016,2,5,27
2012-04-09,1678,2012,2,4,9
2017-04-18,1679,2017,2,4,18
2012-12-09,1680,2012,4,12,9
2012-02-22,1681,2012,1,2,22
2013-02-22,1682,2013,1,2,22
2017-03-16,1683,2017,1,3,16
2013-09-10,1684,2013,3,9,10
2016-02-27,1685,2016,1,2,27
2015-12-09,1686,2015,4,12,9
2012-06-26,1687,2012,2,6,26
2016-05-01,1688,2016,2,5,1
2016-11-12,1689,2016,4,11,12
2010-08-17,1690,2010,3,8,17
2012-01-28,1691,2012,1,1,28
2013-10-21,1692,2013,4,10,21
2015-05-14,1693,2015,2,5,14
2013-07-04,1694,2013,3,7,4
2013-11-22,1695,2013,4,11,22
2014-06-19,1696,2014,2,6,19
2011-06-29,1697,2011,2,6,29
2013-04-25,1698,2013,2,4,25
2010-07-08,1699,2010,3,7,8
2016-05-21,1700,2016,2,5,21
2016-03-09,1701,2016,1,3,9
2013-10-22,1702,2013,4,10,22
2014-05-14,1703,2014,2,5,14
2015-09-05,1704,2015,3,9,5
2016-06-24,1705,2016,2,6,24
2014-02-14,1706,2014,1,2,14
2011-10-25,1707,2011,4,10,25
2016-08-11,1708,2016,3,8,11
2013-06-06,1709,2013,2,6,6
2016-11-04,1710,2016,4,11,4
2012-07-26,1711,2012,3,7,26
2010-12-04,1712,2010,4,12,4
2014-09-19,1713,2014,3,9,19
2015-08-29,1714,2015,3,8,29
2015-12-27,1715,2015,4,12,27
2017-04-26,1716,2017,2,4,26
2012-09-09,1717,2012,3,9,9
2013-12-05,1718,2013,4,12,5
2013-11-07,1719,2013,4,11,7
2016-04-24,1720,2016,2,4,24
2012-01-03,1721,2012,1,1,3
2016-09-12,1722,2016,3,9,12
2014-09-26,1723,2014,3,9,26
2014-02-12,1724,2014,1,2,12
2010-07-06,1725,2010,3,7,6
2010-01-20,1726,2010,1,1,20
2016-03-14,1727,2016,1,3,14
2015-04-13,1728,2015,2,4,13
2015-10-11,1729,2015,4,10,11
2012-12-14,1730,2012,4,12,14
2012-11-21,1731,2012,4,11,21
2010-08-29,1732,2010,3,8,29
2010-04-14,1733,2010,2,4,14
2016-05-15,1734,2016,2,5,15
2011-05-07,1735,2011,2,5,7
2012-01-02,1736,2012,1,1,2
2010-04-12,1737,2010,2,4,12
2017-04-07,1738,2017,2,4,7
2015-11-28,1739,2015,4,11,28
2014-02-07,1740,2014,1,2,7
2012-12-18,1741,2012,4,12,18
2014-09-02,1742,2014,3,9,2
2010-05-09,1743,2010,2,5,9
2012-12-29,1744,2012,4,12,29
2016-06-17,1745,2016,2,6,17
2010-10-12,1746,2010,4,10,12
2012-07-24,1747,2012,3,7,24
2011-11-10,1748,2011,4,11,10
2013-11-04,1749,2013,4,11,4
2012-11-19,1750,2012,4,11,19
2015-04-23,1751,2015,2,4,23
2011-11-24,1752,2011,4,11,24
2012-12-19,1753,2012,4,12,19
2012-04-14,1754,2012,2,4,14
2016-05-04,1755,2016,2,5,4
2013-12-23,1756,2013,4,12,23
2017-07-19,1757,2017,3,7,19
2011-10-10,1758,2011,4,10,10
2015-03-09,1759,2015,1,3,9
2016-08-30,1760,2016,3,8,30
2013-11-23,1761,2013,4,11,23
2016-12-25,1762,2016,4,12,25
2014-05-20,1763,2014,2,5,20
2014-07-16,1764,2014,3,7,16
2011-10-28,1765,2011,4,10,28
2011-06-25,1766,2011,2,6,25
2016-09-03,1767,2016,3,9,3
2016-05-03,1768,2016,2,5,3
2014-10-08,1769,2014,4,10,8
2011-09-15,1770,2011,3,9,15
2014-06-16,1771,2014,2,6,16
2017-04-25,1772,2017,2,4,25
2011-07-26,1773,2011,3,7,26
2011-08-17,1774,2011,3,8,17
2011-10-06,1775,2011,4,10,6
2015-09-24,1776,2015,3,9,24
2015-08-23,1777,2015,3,8,23
2010-08-26,1778,2010,3,8,26
2016-09-20,1779,2016,3,9,20
2013-08-05,1780,2013,3,8,5
2012-12-30,1781,2012,4,12,30
2010-11-01,1782,2010,4,11,1
2012-12-26,1783,2012,4,12,26
2013-12-24,1784,2013,4,12,24
2012-03-18,1785,2012,1,3,18
2013-07-17,1786,2013,3,7,17
2013-04-13,1787,2013,2,4,13
2013-06-08,1788,2013,2,6,8
2010-03-05,1789,2010,1,3,5
2015-09-01,1790,2015,3,9,1
2011-08-02,1791,2011,3,8,2
2012-06-15,1792,2012,2,6,15
2016-04-20,1793,2016,2,4,20
2017-04-28,1794,2017,2,4,28
2012-01-24,1795,2012,1,1,24
2012-04-24,1796,2012,2,4,24
2011-01-13,1797,2011,1,1,13
2010-12-07,1798,2010,4,12,7
2014-10-29,1799,2014,4,10,29
2014-03-05,1800,2014,1,3,5
2015-02-16,1801,2015,1,2,16
2017-07-26,1802,2017,3,7,26
2011-04-05,1803,2011,2,4,5
2012-11-03,1804,2012,4,11,3
2014-08-12,1805,2014,3,8,12
2014-08-17,1806,2014,3,8,17
2016-05-16,1807,2016,2,5,16
2012-09-13,1808,2012,3,9,13
2012-01-04,1809,2012,1,1,4
2011-01-03,1810,2011,1,1,3
2013-12-02,1811,2013,4,12,2
2012-11-29,1812,2012,4,11,29
2012-05-22,1813,2012,2,5,22
2011-03-25,1814,2011,1,3,25
2015-12-30,1815,2015,4,12,30
2015-01-04,1816,2015,1,1,4
2015-10-10,1817,2015,4,10,10
2012-03-23,1818,2012,1,3,23
2017-02-03,1819,2017,1,2,3
2010-08-10,1820,2010,3,8,10
2016-12-17,1821,2016,4,12,17
2017-05-26,1822,2017,2,5,26
2010-04-02,1823,2010,2,4,2
2017-03-21,1824,2017,1,3,21
2012-08-05,1825,2012,3,8,5
2010-09-18,1826,2010,3,9,18
2016-08-16,1827,2016,3,8,16
2016-09-22,1828,2016,3,9,22
2013-03-16,1829,2013,1,3,16
2017-02-17,1830,2017,1,2,17
2016-01-21,1831,2016,1,1,21
2010-09-09,1832,2010,3,9,9
2013-06-26,1833,2013,2,6,26
2016-05-17,1834,2016,2,5,17
2012-11-06,1835,2012,4,11,6
2016-01-01,1836,2016,1,1,1
2013-11-01,1837,2013,4,11,1
2016-02-12,1838,2016,1,2,12
2015-04-28,1839,2015,2,4,28
2016-08-09,1840,2016,3,8,9
2013-10-10,1841,2013,4,10,10
2015-02-22,1842,2015,1,2,22
2014-11-11,1843,2014,4,11,11
2013-08-20,1844,2013,3,8,20
2013-07-28,1845,2013,3,7,28
2011-09-16,1846,2011,3,9,16
2014-08-27,1847,2014,3,8,27
2017-06-19,1848,2017,2,6,19
2016-08-03,1849,2016,3,8,3
2016-02-22,1850,2016,1,2,22
2014-06-04,1851,2014,2,6,4
2015-03-21,1852,2015,1,3,21
2014-08-13,1853,2014,3,8,13
2013-09-08,1854,2013,3,9,8
2016-02-23,1855,2016,1,2,23
2012-12-02,1856,2012,4,12,2
2015-12-01,1857,2015,4,12,1
2014-04-07,1858,2014,2,4,7
2010-12-27,1859,2010,4,12,27
2013-04-17,1860,2013,2,4,17
2017-01-08,1861,2017,1,1,8
2015-01-31,1862,2015,1,1,31
2017-06-09,1863,2017,2,6,9
2016-06-05,1864,2016,2,6,5
2016-10-16,1865,2016,4,10,16
2016-03-10,1866,2016,1,3,10
2010-11-17,1867,2010,4,11,17
2014-05-16,1868,2014,2,5,16
2016-07-28,1869,2016,3,7,28
2012-04-03,1870,2012,2,4,3
2013-09-20,1871,2013,3,9,20
2013-08-27,1872,2013,3,8,27
2012-05-05,1873,2012,2,5,5
2011-05-31,1874,2011,2,5,31
2012-11-13,1875,2012,4,11,13
2012-03-10,1876,2012,1,3,10
2013-09-26,1877,2013,3,9,26
2015-09-14,1878,2015,3,9,14
2015-01-07,1879,2015,1,1,7
2016-11-21,1880,2016,4,11,21
2012-07-25,1881,2012,3,7,25
2014-07-14,1882,2014,3,7,14
2012-08-04,1883,2012,3,8,4
2015-04-12,1884,2015,2,4,12
2015-12-10,1885,2015,4,12,10
2013-03-20,1886,2013,1,3,20
2016-05-29,1887,2016,2,5,29
2012-09-10,1888,2012,3,9,10
2015-06-25,1889,2015,2,6,25
2010-12-06,1890,2010,4,12,6
2014-11-14,1891,2014,4,11,14
2013-08-18,1892,2013,3,8,18
2012-03-03,1893,2012,1,3,3
2016-12-03,1894,2016,4,12,3
2016-11-08,1895,2016,4,11,8
2012-07-11,1896,2012,3,7,11
2015-05-25,1897,2015,2,5,25
2013-11-16,1898,2013,4,11,16
2012-06-11,1899,2012,2,6,11
2014-04-05,1900,2014,2,4,5
2014-08-18,1901,2014,3,8,18
2015-02-21,1902,2015,1,2,21
2015-11-01,1903,2015,4,11,1
2011-03-17,1904,2011,1,3,17
2012-02-07,1905,2012,1,2,7
2016-02-04,1906,2016,1,2,4
2013-06-17,1907,2013,2,6,17
2017-03-07,1908,2017,1,3,7
2011-09-05,1909,2011,3,9,5
2016-11-26,1910,2016,4,11,26
2016-10-24,1911,2016,4,10,24
2016-03-28,1912,2016,1,3,28
2010-04-28,1913,2010,2,4,28
2017-07-18,1914,2017,3,7,18
2011-01-25,1915,2011,1,1,25
2014-09-20,1916,2014,3,9,20
2010-09-10,1917,2010,3,9,10
2015-03-23,1918,2015,1,3,23
2010-03-27,1919,2010,1,3,27
2012-04-18,1920,2012,2,4,18
2010-10-16,1921,2010,4,10,16
2015-04-04,1922,2015,2,4,4
2011-11-01,1923,2011,4,11,1
2010-11-23,1924,2010,4,11,23
2014-03-25,1925,2014,1,3,25
2017-02-19,1926,2017,1,2,19
2016-12-21,1927,2016,4,12,21
2015-11-23,1928,2015,4,11,23
2013-10-08,1929,2013,4,10,8
2016-03-31,1930,2016,1,3,31
2015-02-13,1931,2015,1,2,13
2011-11-14,1932,2011,4,11,14
2013-01-15,1933,2013,1,1,15
2010-10-24,1934,2010,4,10,24
2013-06-04,1935,2013,2,6,4
2017-06-10,1936,2017,2,6,10
2015-12-06,1937,2015,4,12,6
2011-10-24,1938,2011,4,10,24
2017-03-23,1939,2017,1,3,23
2010-02-01,1940,2010,1,2,1
2014-10-17,1941,2014,4,10,17
2010-07-11,1942,2010,3,7,11
2010-06-19,1943,2010,2,6,19
2016-03-24,1944,2016,1,3,24
2012-03-25,1945,2012,1,3,25
2015-12-19,1946,2015,4,12,19
2017-07-22,1947,2017,3,7,22
2012-06-07,1948,2012,2,6,7
2012-09-11,1949,2012,3,9,11
2013-03-08,1950,2013,1,3,8
2012-10-13,1951,2012,4,10,13
2014-11-02,1952,2014,4,11,2
2014-06-22,1953,2014,2,6,22
2013-04-27,1954,2013,2,4,27
2011-01-08,1955,2011,1,1,8
2010-08-08,1956,2010,3,8,8
2013-06-24,1957,2013,2,6,24
2014-10-05,1958,2014,4,10,5
2013-05-27,1959,2013,2,5,27
2014-08-28,1960,2014,3,8,28
2017-01-04,1961,2017,1,1,4
2013-10-01,1962,2013,4,10,1
2015-03-03,1963,2015,1,3,3
2014-01-10,1964,2014,1,1,10
2010-07-17,1965,2010,3,7,17
2012-03-13,1966,2012,1,3,13
2015-04-08,1967,2015,2,4,8
2012-12-27,1968,2012,4,12,27
2014-06-29,1969,2014,2,6,29
2015-05-04,1970,2015,2,5,4
2014-06-01,1971,2014,2,6,1
2016-01-11,1972,2016,1,1,11
2016-03-12,1973,2016,1,3,12
2014-10-09,1974,2014,4,10,9
2011-10-08,1975,2011,4,10,8
2010-11-18,1976,2010,4,11,18
2010-02-15,1977,2010,1,2,15
2013-05-13,1978,2013,2,5,13
2016-12-27,1979,2016,4,12,27
2012-05-07,1980,2012,2,5,7
2011-11-07,1981,2011,4,11,7
2010-12-25,1982,2010,4,12,25
2013-11-12,1983,2013,4,11,12
2017-03-06,1984,2017,1,3,6
2010-07-07,1985,2010,3,7,7
2016-12-28,1986,2016,4,12,28
2010-06-15,1987,2010,2,6,15
2014-08-08,1988,2014,3,8,8
2010-08-22,1989,2010,3,8,22
2015-12-21,1990,2015,4,12,21
2016-12-31,1991,2016,4,12,31
2011-03-31,1992,2011,1,3,31
2015-04-26,1993,2015,2,4,26
2011-04-12,1994,2011,2,4,12
2016-08-23,1995,2016,3,8,23
2012-11-22,1996,2012,4,11,22
2014-03-23,1997,2014,1,3,23
2017-07-20,1998,2017,3,7,20
2013-06-09,1999,2013,2,6,9
2012-02-27,2000,2012,1,2,27
2014-08-16,2001,2014,3,8,16
2015-08-11,2002,2015,3,8,11
2012-03-11,2003,2012,1,3,11
2014-01-30,2004,2014,1,1,30
2015-04-17,2005,2015,2,4,17
2015-12-24,2006,2015,4,12,24
2012-06-17,2007,2012,2,6,17
2013-03-30,2008,2013,1,3,30
2012-01-06,2009,2012,1,1,6
2016-06-02,2010,2016,2,6,2
2013-09-29,2011,2013,3,9,29
2010-03-22,2012,2010,1,3,22
2017-05-25,2013,2017,2,5,25
2017-02-01,2014,2017,1,2,1
2017-06-27,2015,2017,2,6,27
2010-09-03,2016,2010,3,9,3
2014-02-21,2017,2014,1,2,21
2017-06-30,2018,2017,2,6,30
2015-01-21,2019,2015,1,1,21
2011-01-20,2020,2011,1,1,20
2012-03-09,2021,2012,1,3,9
2015-12-25,2022,2015,4,12,25
2012-02-26,2023,2012,1,2,26
2016-06-27,2024,2016,2,6,27
2015-07-20,2025,2015,3,7,20
2015-02-25,2026,2015,1,2,25
2016-01-06,2027,2016,1,1,6
2010-07-25,2028,2010,3,7,25
2011-10-21,2029,2011,4,10,21
2010-03-10,2030,2010,1,3,10
2015-12-11,2031,2015,4,12,11
2010-10-14,2032,2010,4,10,14
2010-04-05,2033,2010,2,4,5
2011-04-21,2034,2011,2,4,21
2015-03-29,2035,2015,1,3,29
2011-07-16,2036,2011,3,7,16
2011-04-30,2037,2011,2,4,30
2013-09-02,2038,2013,3,9,2
2012-06-24,2039,2012,2,6,24
2011-08-29,2040,2011,3,8,29
2015-12-04,2041,2015,4,12,4
2013-08-21,2042,2013,3,8,21
2016-03-15,2043,2016,1,3,15
2010-06-20,2044,2010,2,6,20
2010-07-13,2045,2010,3,7,13
2013-05-15,2046,2013,2,5,15
2011-03-20,2047,2011,1,3,20
2012-12-15,2048,2012,4,12,15
2010-01-26,2049,2010,1,1,26
2012-04-21,2050,2012,2,4,21
2016-06-18,2051,2016,2,6,18
2014-01-20,2052,2014,1,1,20
2011-12-12,2053,2011,4,12,12
2014-05-18,2054,2014,2,5,18
2013-12-15,2055,2013,4,12,15
2013-05-09,2056,2013,2,5,9
2014-11-29,2057,2014,4,11,29
2015-08-05,2058,2015,3,8,5
2017-04-09,2059,2017,2,4,9
2015-01-02,2060,2015,1,1,2
2011-08-21,2061,2011,3,8,21
2014-07-12,2062,2014,3,7,12
2013-11-09,2063,2013,4,11,9
2010-05-18,2064,2010,2,5,18
2010-01-22,2065,2010,1,1,22
2010-12-15,2066,2010,4,12,15
2011-10-18,2067,2011,4,10,18
2011-06-09,2068,2011,2,6,9
2010-06-14,2069,2010,2,6,14
2014-01-19,2070,2014,1,1,19
2010-04-16,2071,2010,2,4,16
2010-05-29,2072,2010,2,5,29
2016-01-18,2073,2016,1,1,18
2014-01-29,2074,2014,1,1,29
2010-07-21,2075,2010,3,7,21
2014-08-22,2076,2014,3,8,22
2010-07-16,2077,2010,3,7,16
2013-08-16,2078,2013,3,8,16
2015-03-11,2079,2015,1,3,11
2016-09-15,2080,2016,3,9,15
2016-09-23,2081,2016,3,9,23
2017-05-27,2082,2017,2,5,27
2016-05-12,2083,2016,2,5,12
2017-04-22,2084,2017,2,4,22
2015-11-18,2085,2015,4,11,18
2011-12-22,2086,2011,4,12,22
2010-12-11,2087,2010,4,12,11
2013-11-15,2088,2013,4,11,15
2011-04-01,2089,2011,2,4,1
2013-08-14,2090,2013,3,8,14
2015-05-16,2091,2015,2,5,16
2013-03-21,2092,2013,1,3,21
2011-03-14,2093,2011,1,3,14
2011-02-17,2094,2011,1,2,17
2010-02-09,2095,2010,1,2,9
2010-09-05,2096,2010,3,9,5
2013-01-25,2097,2013,1,1,25
2016-08-08,2098,2016,3,8,8
2014-03-29,2099,2014,1,3,29
2012-12-12,2100,2012,4,12,12
2014-03-20,2101,2014,1,3,20
2014-11-04,2102,2014,4,11,4
2014-06-20,2103,2014,2,6,20
2010-08-27,2104,2010,3,8,27
2014-10-16,2105,2014,4,10,16
2014-10-24,2106,2014,4,10,24
2012-07-03,2107,2012,3,7,3
2015-10-14,2108,2015,4,10,14
2015-03-12,2109,2015,1,3,12
2016-06-14,2110,2016,2,6,14
2013-04-03,2111,2013,2,4,3
2013-08-03,2112,2013,3,8,3
2013-04-26,2113,2013,2,4,26
2011-05-28,2114,2011,2,5,28
2016-03-19,2115,2016,1,3,19
2011-07-23,2116,2011,3,7,23
2013-02-01,2117,2013,1,2,1
2013-09-19,2118,2013,3,9,19
2016-03-26,2119,2016,1,3,26
2017-01-22,2120,2017,1,1,22
2010-12-26,2121,2010,4,12,26
2011-11-08,2122,2011,4,11,8
2011-04-09,2123,2011,2,4,9
2017-05-08,2124,2017,2,5,8
2011-12-30,2125,2011,4,12,30
2011-06-03,2126,2011,2,6,3
2010-12-29,2127,2010,4,12,29
2012-11-09,2128,2012,4,11,9
2014-04-25,2129,2014,2,4,25
2015-05-12,2130,2015,2,5,12
2012-11-30,2131,2012,4,11,30
2017-05-02,2132,2017,2,5,2
2013-07-23,2133,2013,3,7,23
2016-02-06,2134,2016,1,2,6
2011-08-09,2135,2011,3,8,9
2015-09-18,2136,2015,3,9,18
2012-10-22,2137,2012,4,10,22
2015-06-27,2138,2015,2,6,27
2010-11-04,2139,2010,4,11,4
2012-06-13,2140,2012,2,6,13
2015-07-25,2141,2015,3,7,25
2014-05-07,2142,2014,2,5,7
2011-09-12,2143,2011,3,9,12
2013-02-26,2144,2013,1,2,26
2014-04-15,2145,2014,2,4,15
2012-11-17,2146,2012,4,11,17
2010-06-16,2147,2010,2,6,16
2010-07-10,2148,2010,3,7,10
2015-05-29,2149,2015,2,5,29
2015-03-18,2150,2015,1,3,18
2010-06-07,2151,2010,2,6,7
2011-09-17,2152,2011,3,9,17
2017-05-03,2153,2017,2,5,3
2013-01-21,2154,2013,1,1,21
2013-05-30,2155,2013,2,5,30
2012-03-06,2156,2012,1,3,6
2010-08-16,2157,2010,3,8,16
2014-08-06,2158,2014,3,8,6
2012-01-19,2159,2012,1,1,19
2012-04-11,2160,2012,2,4,11
2015-10-15,2161,2015,4,10,15
2013-09-12,2162,2013,3,9,12
2016-04-01,2163,2016,2,4,1
2014-08-07,2164,2014,3,8,7
2014-08-03,2165,2014,3,8,3
2015-07-17,2166,2015,3,7,17
2010-10-03,2167,2010,4,10,3
2016-06-26,2168,2016,2,6,26
2010-07-05,2169,2010,3,7,5
2015-11-03,2170,2015,4,11,3
2012-01-12,2171,2012,1,1,12
2013-12-22,2172,2013,4,12,22
2016-07-24,2173,2016,3,7,24
2012-09-27,2174,2012,3,9,27
2014-06-02,2175,2014,2,6,2
2014-12-01,2176,2014,4,12,1
2014-08-09,2177,2014,3,8,9
2014-10-13,2178,2014,4,10,13
2011-04-28,2179,2011,2,4,28
2012-10-21,2180,2012,4,10,21
2010-10-29,2181,2010,4,10,29
2010-01-06,2182,2010,1,1,6
2013-11-05,2183,2013,4,11,5
2011-06-24,2184,2011,2,6,24
2013-11-17,2185,2013,4,11,17
2012-11-27,2186,2012,4,11,27
2012-09-20,2187,2012,3,9,20
2014-05-30,2188,2014,2,5,30
2012-10-27,2189,2012,4,10,27
2014-05-29,2190,2014,2,5,29
2010-07-30,2191,2010,3,7,30
2015-09-28,2192,2015,3,9,28
2011-01-01,2193,2011,1,1,1
2014-10-10,2194,2014,4,10,10
2011-10-01,2195,2011,4,10,1
2015-06-06,2196,2015,2,6,6
2013-12-12,2197,2013,4,12,12
2017-06-29,2198,2017,2,6,29
2016-02-28,2199,2016,1,2,28
2016-06-23,2200,2016,2,6,23
2014-06-23,2201,2014,2,6,23
2012-04-08,2202,2012,2,4,8
2012-03-04,2203,2012,1,3,4
2016-05-31,2204,2016,2,5,31
2014-07-02,2205,2014,3,7,2
2014-08-21,2206,2014,3,8,21
2015-06-14,2207,2015,2,6,14
2010-06-27,2208,2010,2,6,27
2012-04-01,2209,2012,2,4,1
2017-06-25,2210,2017,2,6,25
2016-03-29,2211,2016,1,3,29
2011-07-15,2212,2011,3,7,15
2016-10-12,2213,2016,4,10,12
2011-12-29,2214,2011,4,12,29
2011-04-17,2215,2011,2,4,17
2014-05-23,2216,2014,2,5,23
2015-05-03,2217,2015,2,5,3
2013-05-26,2218,2013,2,5,26
2014-07-01,2219,2014,3,7,1
2010-10-23,2220,2010,4,10,23
2015-11-10,2221,2015,4,11,10
2013-06-27,2222,2013,2,6,27
2011-06-01,2223,2011,2,6,1
2012-07-09,2224,2012,3,7,9
2011-09-20,2225,2011,3,9,20
2011-02-07,2226,2011,1,2,7
2012-09-04,2227,2012,3,9,4
2017-06-15,2228,2017,2,6,15
2012-02-24,2229,2012,1,2,24
2014-01-23,2230,2014,1,1,23
2010-02-17,2231,2010,1,2,17
2015-09-12,2232,2015,3,9,12
2013-06-14,2233,2013,2,6,14
2011-12-18,2234,2011,4,12,18
2015-03-16,2235,2015,1,3,16
2011-07-30,2236,2011,3,7,30
2013-12-19,2237,2013,4,12,19
2010-06-04,2238,2010,2,6,4
2016-12-20,2239,2016,4,12,20
2015-01-08,2240,2015,1,1,8
2013-07-22,2241,2013,3,7,22
2013-09-28,2242,2013,3,9,28
2014-05-04,2243,2014,2,5,4
2016-07-12,2244,2016,3,7,12
2012-10-15,2245,2012,4,10,15
2012-09-02,2246,2012,3,9,2
2016-10-05,2247,2016,4,10,5
2016-12-18,2248,2016,4,12,18
2013-05-03,2249,2013,2,5,3
2016-07-22,2250,2016,3,7,22
2010-11-09,2251,2010,4,11,9
2011-10-14,2252,2011,4,10,14
2011-05-10,2253,2011,2,5,10
2010-04-06,2254,2010,2,4,6
2012-10-12,2255,2012,4,10,12
2015-05-01,2256,2015,2,5,1
2014-03-31,2257,2014,1,3,31
2014-11-18,2258,2014,4,11,18
2017-07-25,2259,2017,3,7,25
2016-11-20,2260,2016,4,11,20
2014-01-15,2261,2014,1,1,15
2011-07-22,2262,2011,3,7,22
2010-05-17,2263,2010,2,5,17
2010-03-06,2264,2010,1,3,6
2011-10-17,2265,2011,4,10,17
2012-11-20,2266,2012,4,11,20
2012-01-16,2267,2012,1,1,16
2017-02-27,2268,2017,1,2,27
2016-07-13,2269,2016,3,7,13
2012-02-17,2270,2012,1,2,17
2014-02-17,2271,2014,1,2,17
2012-08-15,2272,2012,3,8,15
2013-12-27,2273,2013,4,12,27
2017-02-05,2274,2017,1,2,5
2014-04-18,2275,2014,2,4,18
2010-08-15,2276,2010,3,8,15
2013-01-06,2277,2013,1,1,6
2016-10-09,2278,2016,4,10,9
2013-01-14,2279,2013,1,1,14
2014-07-18,2280,2014,3,7,18
2013-12-31,2281,2013,4,12,31
2013-08-23,2282,2013,3,8,23
2014-09-15,2283,2014,3,9,15
2010-03-15,2284,2010,1,3,15
2010-03-07,2285,2010,1,3,7
2014-05-13,2286,2014,2,5,13
2016-03-06,2287,2016,1,3,6
2016-06-19,2288,2016,2,6,19
2010-10-10,2289,2010,4,10,10
2016-04-06,2290,2016,2,4,6
2015-04-03,2291,2015,2,4,3
2012-01-27,2292,2012,1,1,27
2012-03-22,2293,2012,1,3,22
2011-08-10,2294,2011,3,8,10
2016-03-21,2295,2016,1,3,21
2010-02-27,2296,2010,1,2,27
2016-11-13,2297,2016,4,11,13
2016-10-31,2298,2016,4,10,31
2013-01-30,2299,2013,1,1,30
2016-06-16,2300,2016,2,6,16
2017-04-02,2301,2017,2,4,2
2013-02-05,2302,2013,1,2,5
2012-08-29,2303,2012,3,8,29
2012-05-14,2304,2012,2,5,14
2014-04-12,2305,2014,2,4,12
2017-03-10,2306,2017,1,3,10
2016-08-01,2307,2016,3,8,1
2012-01-21,2308,2012,1,1,21
2013-04-23,2309,2013,2,4,23
2012-05-08,2310,2012,2,5,8
2017-05-21,2311,2017,2,5,21
2012-11-23,2312,2012,4,11,23
2010-10-21,2313,2010,4,10,21
2011-03-22,2314,2011,1,3,22
2011-01-14,2315,2011,1,1,14
2015-09-30,2316,2015,3,9,30
2011-03-11,2317,2011,1,3,11
2017-07-07,2318,2017,3,7,7
2015-07-09,2319,2015,3,7,9
2011-03-26,2320,2011,1,3,26
2012-05-26,2321,2012,2,5,26
2014-12-26,2322,2014,4,12,26
2011-10-05,2323,2011,4,10,5
2010-05-03,2324,2010,2,5,3
2014-07-11,2325,2014,3,7,11
2014-04-14,2326,2014,2,4,14
2013-07-25,2327,2013,3,7,25
2010-01-29,2328,2010,1,1,29
2016-06-10,2329,2016,2,6,10
2014-12-04,2330,2014,4,12,4
2010-06-29,2331,2010,2,6,29
2010-01-08,2332,2010,1,1,8
2011-11-03,2333,2011,4,11,3
2017-07-12,2334,2017,3,7,12
2015-01-11,2335,2015,1,1,11
2015-11-29,2336,2015,4,11,29
2014-12-20,2337,2014,4,12,20
2014-12-06,2338,2014,4,12,6
2012-04-22,2339,2012,2,4,22
2014-10-15,2340,2014,4,10,15
2012-04-04,2341,2012,2,4,4
2011-10-15,2342,2011,4,10,15
2014-09-18,2343,2014,3,9,18
2016-03-30,2344,2016,1,3,30
2011-07-08,2345,2011,3,7,8
2015-03-28,2346,2015,1,3,28
2010-01-19,2347,2010,1,1,19
2011-08-07,2348,2011,3,8,7
2015-08-04,2349,2015,3,8,4
2010-02-28,2350,2010,1,2,28
2013-07-02,2351,2013,3,7,2
2015-06-11,2352,2015,2,6,11
2013-08-09,2353,2013,3,8,9
2014-01-06,2354,2014,1,1,6
2014-03-14,2355,2014,1,3,14
2017-03-02,2356,2017,1,3,2
2016-07-05,2357,2016,3,7,5
2010-09-15,2358,2010,3,9,15
2014-04-03,2359,2014,2,4,3
2010-11-06,2360,2010,4,11,6
2010-12-16,2361,2010,4,12,16
2017-07-10,2362,2017,3,7,10
2017-01-23,2363,2017,1,1,23
2016-02-21,2364,2016,1,2,21
2010-04-09,2365,2010,2,4,9
2016-06-20,2366,2016,2,6,20
2014-07-17,2367,2014,3,7,17
2015-02-05,2368,2015,1,2,5
2016-07-14,2369,2016,3,7,14
2016-11-07,2370,2016,4,11,7
2012-04-13,2371,2012,2,4,13
2017-02-23,2372,2017,1,2,23
2014-02-20,2373,2014,1,2,20
2013-04-09,2374,2013,2,4,9
2013-06-28,2375,2013,2,6,28
2015-09-21,2376,2015,3,9,21
2015-06-15,2377,2015,2,6,15
2012-08-26,2378,2012,3,8,26
2011-11-17,2379,2011,4,11,17
2011-02-22,2380,2011,1,2,22
2012-09-06,2381,2012,3,9,6
2011-05-01,2382,2011,2,5,1
2016-03-02,2383,2016,1,3,2
2012-12-16,2384,2012,4,12,16
2012-08-13,2385,2012,3,8,13
2014-02-27,2386,2014,1,2,27
2015-02-17,2387,2015,1,2,17
2014-06-12,2388,2014,2,6,12
2016-06-09,2389,2016,2,6,9
2010-09-25,2390,2010,3,9,25
2016-02-07,2391,2016,1,2,7
2016-04-25,2392,2016,2,4,25
2011-05-08,2393,2011,2,5,8
2017-03-30,2394,2017,1,3,30
2016-04-21,2395,2016,2,4,21
2013-10-06,2396,2013,4,10,6
2014-12-24,2397,2014,4,12,24
2011-11-11,2398,2011,4,11,11
2011-06-15,2399,2011,2,6,15
2011-11-02,2400,2011,4,11,2
2013-07-24,2401,2013,3,7,24
2017-03-01,2402,2017,1,3,1
2011-09-14,2403,2011,3,9,14
2012-09-16,2404,2012,3,9,16
2011-04-18,2405,2011,2,4,18
2014-03-26,2406,2014,1,3,26
2016-01-31,2407,2016,1,1,31
2013-07-10,2408,2013,3,7,10
2012-11-15,2409,2012,4,11,15
2014-01-05,2410,2014,1,1,5
2010-09-16,2411,2010,3,9,16
2014-05-03,2412,2014,2,5,3
2012-12-08,2413,2012,4,12,8
2014-09-11,2414,2014,3,9,11
2017-07-24,2415,2017,3,7,24
2011-01-09,2416,2011,1,1,9
2016-04-07,2417,2016,2,4,7
2016-03-18,2418,2016,1,3,18
2017-03-27,2419,2017,1,3,27
2013-09-30,2420,2013,3,9,30
2014-03-13,2421,2014,1,3,13
2013-01-11,2422,2013,1,1,11
2011-12-20,2423,2011,4,12,20
2017-02-16,2424,2017,1,2,16
2014-06-30,2425,2014,2,6,30
2011-12-01,2426,2011,4,12,1
2013-07-14,2427,2013,3,7,14
2013-10-04,2428,2013,4,10,4
2012-07-29,2429,2012,3,7,29
2014-04-24,2430,2014,2,4,24
2016-08-19,2431,2016,3,8,19
2010-10-09,2432,2010,4,10,9
2013-02-07,2433,2013,1,2,7
2015-05-10,2434,2015,2,5,10
2012-05-23,2435,2012,2,5,23
2012-07-13,2436,2012,3,7,13
2010-09-29,2437,2010,3,9,29
2012-01-10,2438,2012,1,1,10
2012-10-29,2439,2012,4,10,29
2015-07-08,2440,2015,3,7,8
2016-03-11,2441,2016,1,3,11
2011-05-25,2442,2011,2,5,25
2016-11-10,2443,2016,4,11,10
2016-02-29,2444,2016,1,2,29
2015-07-10,2445,2015,3,7,10
2014-08-20,2446,2014,3,8,20
2012-10-16,2447,2012,4,10,16
2014-05-19,2448,2014,2,5,19
2011-09-29,2449,2011,3,9,29
2013-05-17,2450,2013,2,5,17
2012-05-01,2451,2012,2,5,1
2011-01-30,2452,2011,1,1,30
2013-05-05,2453,2013,2,5,5
2010-11-22,2454,2010,4,11,22
2015-04-11,2455,2015,2,4,11
2012-05-27,2456,2012,2,5,27
2012-07-28,2457,2012,3,7,28
2013-01-18,2458,2013,1,1,18
2010-06-30,2459,2010,2,6,30
2017-01-26,2460,2017,1,1,26
2012-04-06,2461,2012,2,4,6
2013-07-06,2462,2013,3,7,6
2015-08-15,2463,2015,3,8,15
2010-02-13,2464,2010,1,2,13
2017-05-17,2465,2017,2,5,17
2017-01-02,2466,2017,1,1,2
2010-01-21,2467,2010,1,1,21
2014-04-21,2468,2014,2,4,21
2017-04-03,2469,2017,2,4,3
2015-02-02,2470,2015,1,2,2
2016-02-19,2471,2016,1,2,19
2011-12-06,2472,2011,4,12,6
2010-05-21,2473,2010,2,5,21
2015-07-24,2474,2015,3,7,24
2016-08-21,2475,2016,3,8,21
2010-09-12,2476,2010,3,9,12
2010-01-13,2477,2010,1,1,13
2015-12-15,2478,2015,4,12,15
2016-05-14,2479,2016,2,5,14
2015-03-20,2480,2015,1,3,20
2010-09-17,2481,2010,3,9,17
2017-04-10,2482,2017,2,4,10
2013-04-07,2483,2013,2,4,7
2015-10-25,2484,2015,4,10,25
2017-07-28,2485,2017,3,7,28
2012-01-20,2486,2012,1,1,20
2017-02-07,2487,2017,1,2,7
2016-03-22,2488,2016,1,3,22
2013-10-19,2489,2013,4,10,19
2011-12-19,2490,2011,4,12,19
2011-07-02,2491,2011,3,7,2
2013-12-09,2492,2013,4,12,9
2016-03-03,2493,2016,1,3,3
2015-05-11,2494,2015,2,5,11
2010-04-17,2495,2010,2,4,17
2015-03-01,2496,2015,1,3,1
2010-04-18,2497,2010,2,4,18
2013-09-25,2498,2013,3,9,25
2014-02-16,2499,2014,1,2,16
2012-10-11,2500,2012,4,10,11
2016-05-11,2501,2016,2,5,11
2014-03-16,2502,2014,1,3,16
2015-10-02,2503,2015,4,10,2
2016-07-01,2504,2016,3,7,1
2016-01-13,2505,2016,1,1,13
2012-12-03,2506,2012,4,12,3
2010-03-23,2507,2010,1,3,23
2013-11-08,2508,2013,4,11,8
2014-08-19,2509,2014,3,8,19
2011-05-22,2510,2011,2,5,22
2012-03-17,2511,2012,1,3,17
2011-04-14,2512,2011,2,4,14
2013-03-13,2513,2013,1,3,13
2016-03-05,2514,2016,1,3,5
2013-05-04,2515,2013,2,5,4
2015-10-06,2516,2015,4,10,6
2010-08-31,2517,2010,3,8,31
2017-01-14,2518,2017,1,1,14
2016-05-19,2519,2016,2,5,19
2015-04-22,2520,2015,2,4,22
2012-03-02,2521,2012,1,3,2
2014-05-28,2522,2014,2,5,28
2013-07-08,2523,2013,3,7,8
2014-01-18,2524,2014,1,1,18
2011-02-16,2525,2011,1,2,16
2011-07-01,2526,2011,3,7,1
2013-06-10,2527,2013,2,6,10
2015-06-07,2528,2015,2,6,7
2014-09-10,2529,2014,3,9,10
2014-09-21,2530,2014,3,9,21
2013-12-28,2531,2013,4,12,28
2014-01-14,2532,2014,1,1,14
2013-12-10,2533,2013,4,12,10
2013-09-09,2534,2013,3,9,9
2016-10-17,2535,2016,4,10,17
2010-12-01,2536,2010,4,12,1
2013-10-03,2537,2013,4,10,3
2016-06-07,2538,2016,2,6,7
2015-05-06,2539,2015,2,5,6
2013-11-11,2540,2013,4,11,11
2011-08-13,2541,2011,3,8,13
2015-10-17,2542,2015,4,10,17
2014-03-09,2543,2014,1,3,9
2011-03-13,2544,2011,1,3,13
2013-08-26,2545,2013,3,8,26
2016-05-06,2546,2016,2,5,6
2015-05-23,2547,2015,2,5,23
2014-07-27,2548,2014,3,7,27
2017-04-08,2549,2017,2,4,8
2014-02-18,2550,2014,1,2,18
2010-09-24,2551,2010,3,9,24
2014-06-17,2552,2014,2,6,17
2012-02-05,2553,2012,1,2,5
2017-01-29,2554,2017,1,1,29
2016-01-04,2555,2016,1,1,4
2014-05-12,2556,2014,2,5,12
2012-01-22,2557,2012,1,1,22
2010-07-26,2558,2010,3,7,26
2014-05-17,2559,2014,2,5,17
2013-09-18,2560,2013,3,9,18
2016-08-22,2561,2016,3,8,22
2013-05-11,2562,2013,2,5,11
2012-11-18,2563,2012,4,11,18
2011-03-23,2564,2011,1,3,23
2016-12-05,2565,2016,4,12,5
2012-10-05,2566,2012,4,10,5
2015-06-09,2567,2015,2,6,9
2013-05-18,2568,2013,2,5,18
2013-06-05,2569,2013,2,6,5
2011-01-28,2570,2011,1,1,28
2015-09-22,2571,2015,3,9,22
2013-08-12,2572,2013,3,8,12
2013-12-07,2573,2013,4,12,7
2010-05-07,2574,2010,2,5,7
2016-12-16,2575,2016,4,12,16
2013-12-06,2576,2013,4,12,6
2015-04-18,2577,2015,2,4,18
2016-08-18,2578,2016,3,8,18
2014-09-24,2579,2014,3,9,24
2010-08-30,2580,2010,3,8,30
2016-07-02,2581,2016,3,7,2
2013-09-04,2582,2013,3,9,4
2011-09-23,2583,2011,3,9,23
2014-07-13,2584,2014,3,7,13
2015-02-26,2585,2015,1,2,26
2013-01-22,2586,2013,1,1,22
2011-03-27,2587,2011,1,3,27
2011-01-02,2588,2011,1,1,2
2017-04-17,2589,2017,2,4,17
2014-01-22,2590,2014,1,1,22
2012-04-30,2591,2012,2,4,30
2015-06-18,2592,2015,2,6,18
2011-10-27,2593,2011,4,10,27
2015-04-05,2594,2015,2,4,5
2012-01-07,2595,2012,1,1,7
2010-11-12,2596,2010,4,11,12
2014-10-30,2597,2014,4,10,30
2014-12-10,2598,2014,4,12,10
2011-11-19,2599,2011,4,11,19
2014-11-13,2600,2014,4,11,13
2012-12-11,2601,2012,4,12,11
2017-02-15,2602,2017,1,2,15
2013-10-11,2603,2013,4,10,11
2010-11-21,2604,2010,4,11,21
2017-03-25,2605,2017,1,3,25
2017-06-01,2606,2017,2,6,1
2010-12-10,2607,2010,4,12,10
2014-11-15,2608,2014,4,11,15
2017-06-28,2609,2017,2,6,28
2015-07-26,2610,2015,3,7,26
2016-10-26,2611,2016,4,10,26
2013-04-04,2612,2013,2,4,4
2013-02-17,2613,2013,1,2,17
2011-06-02,2614,2011,2,6,2
2017-01-27,2615,2017,1,1,27
2013-07-27,2616,2013,3,7,27
2012-03-15,2617,2012,1,3,15
2016-02-18,2618,2016,1,2,18
2013-09-13,2619,2013,3,9,13
2015-10-30,2620,2015,4,10,30
2011-05-02,2621,2011,2,5,2
2013-04-18,2622,2013,2,4,18
2011-10-04,2623,2011,4,10,4
2011-07-20,2624,2011,3,7,20
2013-08-25,2625,2013,3,8,25
2017-06-23,2626,2017,2,6,23
2016-10-20,2627,2016,4,10,20
2012-11-16,2628,2012,4,11,16
2010-01-09,2629,2010,1,1,9
2011-03-01,2630,2011,1,3,1
2016-12-26,2631,2016,4,12,26
2010-08-23,2632,2010,3,8,23
2013-05-31,2633,2013,2,5,31
2011-04-29,2634,2011,2,4,29
2012-08-23,2635,2012,3,8,23
2012-02-23,2636,2012,1,2,23
2014-11-03,2637,2014,4,11,3
2012-04-17,2638,2012,2,4,17
2015-01-15,2639,2015,1,1,15
2014-10-22,2640,2014,4,10,22
2012-01-18,2641,2012,1,1,18
2012-08-10,2642,2012,3,8,10
2013-09-07,2643,2013,3,9,7
2014-10-27,2644,2014,4,10,27
2017-03-31,2645,2017,1,3,31
2014-02-26,2646,2014,1,2,26
2017-01-03,2647,2017,1,1,3
2015-07-05,2648,2015,3,7,5
2013-03-25,2649,2013,1,3,25
2012-09-15,2650,2012,3,9,15
2017-06-24,2651,2017,2,6,24
2016-07-31,2652,2016,3,7,31
2014-12-19,2653,2014,4,12,19
2012-11-08,2654,2012,4,11,8
2011-07-07,2655,2011,3,7,7
2011-08-26,2656,2011,3,8,26
2014-01-27,2657,2014,1,1,27
2014-11-10,2658,2014,4,11,10
2015-09-06,2659,2015,3,9,6
2015-11-30,2660,2015,4,11,30
2016-04-29,2661,2016,2,4,29
2012-07-06,2662,2012,3,7,6
2012-12-10,2663,2012,4,12,10
2011-06-22,2664,2011,2,6,22
2012-05-15,2665,2012,2,5,15
2013-03-07,2666,2013,1,3,7
2010-08-04,2667,2010,3,8,4
2010-03-18,2668,2010,1,3,18
2015-08-09,2669,2015,3,8,9
2010-06-12,2670,2010,2,6,12
2015-06-29,2671,2015,2,6,29
2015-05-22,2672,2015,2,5,22
2016-10-06,2673,2016,4,10,6
2017-06-07,2674,2017,2,6,7
2011-12-05,2675,2011,4,12,5
2014-02-01,2676,2014,1,2,1
2010-01-25,2677,2010,1,1,25
2012-01-09,2678,2012,1,1,9
2017-06-21,2679,2017,2,6,21
2012-09-12,2680,2012,3,9,12
2017-01-12,2681,2017,1,1,12
2013-10-02,2682,2013,4,10,2
2013-03-26,2683,2013,1,3,26
2014-07-05,2684,2014,3,7,5
2016-11-14,2685,2016,4,11,14
2011-08-24,2686,2011,3,8,24
2014-11-26,2687,2014,4,11,26
2013-03-17,2688,2013,1,3,17
2011-08-27,2689,2011,3,8,27
2015-04-16,2690,2015,2,4,16
2010-05-14,2691,2010,2,5,14
2014-02-13,2692,2014,1,2,13
2010-10-11,2693,2010,4,10,11
2010-04-03,2694,2010,2,4,3
2013-01-05,2695,2013,1,1,5
2010-02-22,2696,2010,1,2,22
2016-11-15,2697,2016,4,11,15
2011-12-31,2698,2011,4,12,31
2012-09-21,2699,2012,3,9,21
2013-11-21,2700,2013,4,11,21
2015-06-26,2701,2015,2,6,26
2014-08-25,2702,2014,3,8,25
2013-09-27,2703,2013,3,9,27
2015-01-29,2704,2015,1,1,29
2015-06-22,2705,2015,2,6,22
2016-08-24,2706,2016,3,8,24
2015-01-09,2707,2015,1,1,9
2014-06-10,2708,2014,2,6,10
2013-02-11,2709,2013,1,2,11
2013-03-15,2710,2013,1,3,15
2012-02-08,2711,2012,1,2,8
2012-08-18,2712,2012,3,8,18
2010-04-19,2713,2010,2,4,19
2011-01-27,2714,2011,1,1,27
2011-03-29,2715,2011,1,3,29
2017-01-18,2716,2017,1,1,18
2014-05-09,2717,2014,2,5,9
2011-08-22,2718,2011,3,8,22
2014-09-01,2719,2014,3,9,1
2016-12-04,2720,2016,4,12,4
2014-01-16,2721,2014,1,1,16
2014-01-11,2722,2014,1,1,11
2016-06-06,2723,2016,2,6,6
2013-07-01,2724,2013,3,7,1
2014-12-23,2725,2014,4,12,23
2014-12-16,2726,2014,4,12,16
2016-07-17,2727,2016,3,7,17
2011-06-20,2728,2011,2,6,20
2016-02-08,2729,2016,1,2,8
2011-07-29,2730,2011,3,7,29
2015-03-04,2731,2015,1,3,4
2015-05-05,2732,2015,2,5,5
2010-01-18,2733,2010,1,1,18
2014-04-26,2734,2014,2,4,26
2014-02-25,2735,2014,1,2,25
2013-03-18,2736,2013,1,3,18
2014-01-17,2737,2014,1,1,17
2012-04-29,2738,2012,2,4,29
2011-03-05,2739,2011,1,3,5
2015-12-18,2740,2015,4,12,18
2014-02-22,2741,2014,1,2,22
2011-01-10,2742,2011,1,1,10
2017-07-06,2743,2017,3,7,6
2012-06-06,2744,2012,2,6,6
2013-03-23,2745,2013,1,3,23
2013-05-28,2746,2013,2,5,28
2011-04-24,2747,2011,2,4,24
2017-05-13,2748,2017,2,5,13
2011-09-09,2749,2011,3,9,9
2017-05-11,2750,2017,2,5,11
2011-07-06,2751,2011,3,7,6
2017-05-05,2752,2017,2,5,5
2013-07-12,2753,2013,3,7,12
2010-01-07,2754,2010,1,1,7
2012-07-31,2755,2012,3,7,31
2014-12-18,2756,2014,4,12,18
2016-12-02,2757,2016,4,12,2
2013-10-05,2758,2013,4,10,5
2014-08-15,2759,2014,3,8,15
2010-09-08,2760,2010,3,9,8
2016-08-07,2761,2016,3,8,7
2016-09-29,2762,2016,3,9,29
2011-04-08,2763,2011,2,4,8
2017-03-04,2764,2017,1,3,4
2015-01-14,2765,2015,1,1,14
2013-06-30,2766,2013,2,6,30
